#-----------------------------------------------------------
# Vivado v2023.2 (64-bit)
# SW Build 4029153 on Fri Oct 13 20:13:54 MDT 2023
# IP Build 4028589 on Sat Oct 14 00:45:43 MDT 2023
# SharedData Build 4025554 on Tue Oct 10 17:18:54 MDT 2023
# Start of session at: Tue Oct 22 22:48:51 2024
# Process ID: 264656
# Current directory: /home/casager/repos/verilog-ethernet/example/Arty/fpga
# Command line: vivado
# Log file: /home/casager/repos/verilog-ethernet/example/Arty/fpga/vivado.log
# Journal file: /home/casager/repos/verilog-ethernet/example/Arty/fpga/vivado.jou
# Running On: falcon, OS: Linux, CPU Frequency: 2043.239 MHz, CPU Physical cores: 24, Host memory: 33318 MB
#-----------------------------------------------------------
start_gui
WARNING: [Board 49-26] cannot add Board Part xilinx.com:vek280_es:part0:1.0 available at /opt/Xilinx/Vivado/2023.2/data/xhub/boards/XilinxBoardStore/boards/Xilinx/vek280/es/rev_a/1.0/board.xml as part xcve2802-vsvh1760-2lp-e-s-es1 specified in board_part file is either invalid or not available
WARNING: [Board 49-26] cannot add Board Part xilinx.com:vek280_es:part0:1.1 available at /opt/Xilinx/Vivado/2023.2/data/xhub/boards/XilinxBoardStore/boards/Xilinx/vek280/es/rev_a/1.1/board.xml as part xcve2802-vsvh1760-2lp-e-s-es1 specified in board_part file is either invalid or not available
WARNING: [Board 49-26] cannot add Board Part xilinx.com:vek280_es_revb:part0:1.0 available at /opt/Xilinx/Vivado/2023.2/data/xhub/boards/XilinxBoardStore/boards/Xilinx/vek280/es/rev_b/1.0/board.xml as part xcve2802-vsvh1760-2mp-e-s-es1 specified in board_part file is either invalid or not available
WARNING: [Board 49-26] cannot add Board Part xilinx.com:vek280_es_revb:part0:1.1 available at /opt/Xilinx/Vivado/2023.2/data/xhub/boards/XilinxBoardStore/boards/Xilinx/vek280/es/rev_b/1.1/board.xml as part xcve2802-vsvh1760-2mp-e-s-es1 specified in board_part file is either invalid or not available
WARNING: [Board 49-26] cannot add Board Part xilinx.com:vhk158_es:part0:1.0 available at /opt/Xilinx/Vivado/2023.2/data/xhub/boards/XilinxBoardStore/boards/Xilinx/vhk158/es/1.0/board.xml as part xcvh1582-vsva3697-2mp-e-s-es1 specified in board_part file is either invalid or not available
WARNING: [Board 49-26] cannot add Board Part xilinx.com:vhk158_es:part0:1.1 available at /opt/Xilinx/Vivado/2023.2/data/xhub/boards/XilinxBoardStore/boards/Xilinx/vhk158/es/1.1/board.xml as part xcvh1582-vsva3697-2mp-e-s-es1 specified in board_part file is either invalid or not available
WARNING: [Board 49-26] cannot add Board Part xilinx.com:zcu208ld:part0:2.0 available at /opt/Xilinx/Vivado/2023.2/data/xhub/boards/XilinxBoardStore/boards/Xilinx/zcu208ld/production/2.0/board.xml as part xczu58dr-fsvg1517-2-i specified in board_part file is either invalid or not available
WARNING: [Board 49-26] cannot add Board Part xilinx.com:zcu216ld:part0:2.0 available at /opt/Xilinx/Vivado/2023.2/data/xhub/boards/XilinxBoardStore/boards/Xilinx/zcu216ld/production/2.0/board.xml as part xczu59dr-ffvf1760-2-i specified in board_part file is either invalid or not available
WARNING: [Board 49-26] cannot add Board Part xilinx.com:zcu670:part0:2.0 available at /opt/Xilinx/Vivado/2023.2/data/xhub/boards/XilinxBoardStore/boards/Xilinx/zcu670/2.0/board.xml as part xczu67dr-fsve1156-2-i specified in board_part file is either invalid or not available
WARNING: [Board 49-26] cannot add Board Part xilinx.com:zcu670ld:part0:1.0 available at /opt/Xilinx/Vivado/2023.2/data/xhub/boards/XilinxBoardStore/boards/Xilinx/zcu670ld/1.0/board.xml as part xczu57dr-fsve1156-2-i specified in board_part file is either invalid or not available
open_project /home/casager/repos/verilog-ethernet/example/Arty/fpga/fpga/fpga.xpr
INFO: [filemgmt 56-3] Default IP Output Path : Could not find the directory '/home/casager/repos/verilog-ethernet/example/Arty/fpga/fpga/fpga.gen/sources_1'.
Scanning sources...
Finished scanning sources
INFO: [IP_Flow 19-234] Refreshing IP repositories
INFO: [IP_Flow 19-1704] No user IP repositories specified
INFO: [IP_Flow 19-2313] Loaded Vivado IP repository '/opt/Xilinx/Vivado/2023.2/data/ip'.
update_compile_order -fileset sources_1
reset_run synth_1
INFO: [Project 1-1161] Replacing file /home/casager/repos/verilog-ethernet/example/Arty/fpga/fpga/fpga.srcs/utils_1/imports/synth_1/fpga.dcp with file /home/casager/repos/verilog-ethernet/example/Arty/fpga/fpga/fpga.runs/synth_1/fpga.dcp
launch_runs synth_1 -jobs 16
[Tue Oct 22 22:51:46 2024] Launched synth_1...
Run output will be captured here: /home/casager/repos/verilog-ethernet/example/Arty/fpga/fpga/fpga.runs/synth_1/runme.log
open_run synth_1 -name synth_1
Design is defaulting to impl run constrset: constrs_1
Design is defaulting to synth run part: xc7a100tcsg324-1
INFO: [Device 21-403] Loading part xc7a100tcsg324-1
Netlist sorting complete. Time (s): cpu = 00:00:00.02 ; elapsed = 00:00:00.02 . Memory (MB): peak = 8260.469 ; gain = 0.000 ; free physical = 21393 ; free virtual = 29244
INFO: [Netlist 29-17] Analyzing 239 Unisim elements for replacement
INFO: [Netlist 29-28] Unisim Transformation completed in 0 CPU seconds
INFO: [Project 1-479] Netlist was created with Vivado 2023.2
INFO: [Project 1-570] Preparing netlist for logic optimization
CRITICAL WARNING: [Chipscope 16-3] Cannot debug net 'core_inst/phy_txd[0]'; it is connected between In/Out buffer and In/Out flip flop having property IOB true.
CRITICAL WARNING: [Chipscope 16-3] Cannot debug net 'core_inst/phy_txd[1]'; it is connected between In/Out buffer and In/Out flip flop having property IOB true.
CRITICAL WARNING: [Chipscope 16-3] Cannot debug net 'core_inst/phy_txd[2]'; it is connected between In/Out buffer and In/Out flip flop having property IOB true.
CRITICAL WARNING: [Chipscope 16-3] Cannot debug net 'core_inst/phy_txd[3]'; it is connected between In/Out buffer and In/Out flip flop having property IOB true.
Parsing XDC File [/home/casager/repos/verilog-ethernet/example/Arty/fpga/fpga.xdc]
INFO: [Constraints 18-632] set_output_delay: No clock object specified, the clocks will be automatically identified [/home/casager/repos/verilog-ethernet/example/Arty/fpga/fpga.xdc:34]
INFO: [Constraints 18-632] set_input_delay: No clock object specified, the clocks will be automatically identified [/home/casager/repos/verilog-ethernet/example/Arty/fpga/fpga.xdc:40]
INFO: [Constraints 18-632] set_input_delay: No clock object specified, the clocks will be automatically identified [/home/casager/repos/verilog-ethernet/example/Arty/fpga/fpga.xdc:49]
INFO: [Constraints 18-632] set_input_delay: No clock object specified, the clocks will be automatically identified [/home/casager/repos/verilog-ethernet/example/Arty/fpga/fpga.xdc:58]
INFO: [Constraints 18-632] set_output_delay: No clock object specified, the clocks will be automatically identified [/home/casager/repos/verilog-ethernet/example/Arty/fpga/fpga.xdc:103]
INFO: [Constraints 18-632] set_input_delay: No clock object specified, the clocks will be automatically identified [/home/casager/repos/verilog-ethernet/example/Arty/fpga/fpga.xdc:105]
INFO: [Constraints 18-632] set_output_delay: No clock object specified, the clocks will be automatically identified [/home/casager/repos/verilog-ethernet/example/Arty/fpga/fpga.xdc:132]
Finished Parsing XDC File [/home/casager/repos/verilog-ethernet/example/Arty/fpga/fpga.xdc]
Sourcing Tcl File [/home/casager/repos/verilog-ethernet/example/Arty/fpga/lib/eth/syn/vivado/mii_phy_if.tcl]
Inserting timing constraints for mii_phy_if instance core_inst/eth_mac_inst/eth_mac_1g_mii_inst/mii_phy_if_inst
Finished Sourcing Tcl File [/home/casager/repos/verilog-ethernet/example/Arty/fpga/lib/eth/syn/vivado/mii_phy_if.tcl]
Sourcing Tcl File [/home/casager/repos/verilog-ethernet/example/Arty/fpga/lib/eth/syn/vivado/eth_mac_fifo.tcl]
Inserting timing constraints for ethernet MAC with FIFO instance core_inst/eth_mac_inst
WARNING: [Vivado 12-180] No cells matched '.*/rx_sync_reg_[1234]_reg\[\d+\]'. [/home/casager/repos/verilog-ethernet/example/Arty/fpga/lib/eth/syn/vivado/eth_mac_fifo.tcl:23]
WARNING: [Vivado 12-180] No cells matched '.*/tx_sync_reg_[1234]_reg\[\d+\]'. [/home/casager/repos/verilog-ethernet/example/Arty/fpga/lib/eth/syn/vivado/eth_mac_fifo.tcl:23]
Finished Sourcing Tcl File [/home/casager/repos/verilog-ethernet/example/Arty/fpga/lib/eth/syn/vivado/eth_mac_fifo.tcl]
Sourcing Tcl File [/home/casager/repos/verilog-ethernet/example/Arty/fpga/lib/eth/lib/axis/syn/vivado/axis_async_fifo.tcl]
Inserting timing constraints for axis_async_fifo instance core_inst/eth_mac_inst/rx_fifo/fifo_inst
INFO: [Timing 38-35] Done setting XDC timing constraints. [/home/casager/repos/verilog-ethernet/example/Arty/fpga/lib/eth/lib/axis/syn/vivado/axis_async_fifo.tcl:23]
INFO: [Timing 38-2] Deriving generated clocks [/home/casager/repos/verilog-ethernet/example/Arty/fpga/lib/eth/lib/axis/syn/vivado/axis_async_fifo.tcl:23]
Inserting timing constraints for axis_async_fifo instance core_inst/eth_mac_inst/tx_fifo/fifo_inst
Finished Sourcing Tcl File [/home/casager/repos/verilog-ethernet/example/Arty/fpga/lib/eth/lib/axis/syn/vivado/axis_async_fifo.tcl]
Sourcing Tcl File [/home/casager/repos/verilog-ethernet/example/Arty/fpga/lib/eth/lib/axis/syn/vivado/sync_reset.tcl]
Inserting timing constraints for sync_reset instance sync_reset_inst
Finished Sourcing Tcl File [/home/casager/repos/verilog-ethernet/example/Arty/fpga/lib/eth/lib/axis/syn/vivado/sync_reset.tcl]
INFO: [Opt 31-138] Pushed 0 inverter(s) to 0 load pin(s).
Netlist sorting complete. Time (s): cpu = 00:00:00 ; elapsed = 00:00:00 . Memory (MB): peak = 9046.930 ; gain = 0.000 ; free physical = 20869 ; free virtual = 28721
INFO: [Project 1-111] Unisim Transformation Summary:
  A total of 19 instances were transformed.
  RAM128X1D => RAM128X1D (MUXF7(x2), RAMD64E(x4)): 4 instances
  RAM32M => RAM32M (RAMD32(x6), RAMS32(x2)): 15 instances

open_run: Time (s): cpu = 00:00:14 ; elapsed = 00:00:11 . Memory (MB): peak = 9179.547 ; gain = 1187.586 ; free physical = 20681 ; free virtual = 28543
create_debug_core u_ila_0 ila
set_property C_DATA_DEPTH 1024 [get_debug_cores u_ila_0]
set_property C_TRIGIN_EN false [get_debug_cores u_ila_0]
set_property C_TRIGOUT_EN false [get_debug_cores u_ila_0]
set_property C_ADV_TRIGGER false [get_debug_cores u_ila_0]
set_property C_INPUT_PIPE_STAGES 0 [get_debug_cores u_ila_0]
set_property C_EN_STRG_QUAL false [get_debug_cores u_ila_0]
set_property ALL_PROBE_SAME_MU true [get_debug_cores u_ila_0]
set_property ALL_PROBE_SAME_MU_CNT 1 [get_debug_cores u_ila_0]
connect_debug_port u_ila_0/clk [get_nets [list clk_int ]]
set_property port_width 4 [get_debug_ports u_ila_0/probe0]
set_property PROBE_TYPE DATA_AND_TRIGGER [get_debug_ports u_ila_0/probe0]
connect_debug_port u_ila_0/probe0 [get_nets [list {core_inst/btn[0]} {core_inst/btn[1]} {core_inst/btn[2]} {core_inst/btn[3]} ]]
create_debug_port u_ila_0 probe
set_property port_width 8 [get_debug_ports u_ila_0/probe1]
set_property PROBE_TYPE DATA_AND_TRIGGER [get_debug_ports u_ila_0/probe1]
connect_debug_port u_ila_0/probe1 [get_nets [list {core_inst/tx_fifo_udp_payload_axis_tdata[0]} {core_inst/tx_fifo_udp_payload_axis_tdata[1]} {core_inst/tx_fifo_udp_payload_axis_tdata[2]} {core_inst/tx_fifo_udp_payload_axis_tdata[3]} {core_inst/tx_fifo_udp_payload_axis_tdata[4]} {core_inst/tx_fifo_udp_payload_axis_tdata[5]} {core_inst/tx_fifo_udp_payload_axis_tdata[6]} {core_inst/tx_fifo_udp_payload_axis_tdata[7]} ]]
create_debug_port u_ila_0 probe
set_property port_width 8 [get_debug_ports u_ila_0/probe2]
set_property PROBE_TYPE DATA_AND_TRIGGER [get_debug_ports u_ila_0/probe2]
connect_debug_port u_ila_0/probe2 [get_nets [list {core_inst/tx_udp_payload_axis_tdata[0]} {core_inst/tx_udp_payload_axis_tdata[1]} {core_inst/tx_udp_payload_axis_tdata[2]} {core_inst/tx_udp_payload_axis_tdata[3]} {core_inst/tx_udp_payload_axis_tdata[4]} {core_inst/tx_udp_payload_axis_tdata[5]} {core_inst/tx_udp_payload_axis_tdata[6]} {core_inst/tx_udp_payload_axis_tdata[7]} ]]
set_property target_constrs_file /home/casager/repos/verilog-ethernet/example/Arty/fpga/fpga.xdc [current_fileset -constrset]
save_constraints -force
launch_runs impl_1 -jobs 16
INFO: [Timing 38-480] Writing timing data to binary archive.
Wrote PlaceDB: Time (s): cpu = 00:00:00.01 ; elapsed = 00:00:00 . Memory (MB): peak = 9179.547 ; gain = 0.000 ; free physical = 20209 ; free virtual = 28206
Wrote PulsedLatchDB: Time (s): cpu = 00:00:00 ; elapsed = 00:00:00 . Memory (MB): peak = 9179.547 ; gain = 0.000 ; free physical = 20209 ; free virtual = 28206
Writing XDEF routing.
Write ShapeDB Complete: Time (s): cpu = 00:00:00.02 ; elapsed = 00:00:00 . Memory (MB): peak = 9179.547 ; gain = 0.000 ; free physical = 20209 ; free virtual = 28206
Writing XDEF routing logical nets.
Writing XDEF routing special nets.
Wrote RouteStorage: Time (s): cpu = 00:00:00.05 ; elapsed = 00:00:00.01 . Memory (MB): peak = 9179.547 ; gain = 0.000 ; free physical = 20209 ; free virtual = 28206
Wrote Netlist Cache: Time (s): cpu = 00:00:00 ; elapsed = 00:00:00 . Memory (MB): peak = 9179.547 ; gain = 0.000 ; free physical = 20209 ; free virtual = 28206
Wrote Device Cache: Time (s): cpu = 00:00:00 ; elapsed = 00:00:00 . Memory (MB): peak = 9179.547 ; gain = 0.000 ; free physical = 20209 ; free virtual = 28206
Write Physdb Complete: Time (s): cpu = 00:00:00.06 ; elapsed = 00:00:00.01 . Memory (MB): peak = 9179.547 ; gain = 0.000 ; free physical = 20209 ; free virtual = 28206
[Tue Oct 22 23:03:18 2024] Launched impl_1...
Run output will be captured here: /home/casager/repos/verilog-ethernet/example/Arty/fpga/fpga/fpga.runs/impl_1/runme.log
close_design
open_run impl_1
Netlist sorting complete. Time (s): cpu = 00:00:00.04 ; elapsed = 00:00:00.04 . Memory (MB): peak = 9179.547 ; gain = 0.000 ; free physical = 20263 ; free virtual = 28327
INFO: [Netlist 29-17] Analyzing 318 Unisim elements for replacement
INFO: [Netlist 29-28] Unisim Transformation completed in 0 CPU seconds
INFO: [Project 1-479] Netlist was created with Vivado 2023.2
INFO: [Project 1-570] Preparing netlist for logic optimization
Read ShapeDB Complete: Time (s): cpu = 00:00:00.01 ; elapsed = 00:00:00.01 . Memory (MB): peak = 9179.547 ; gain = 0.000 ; free physical = 20262 ; free virtual = 28326
CRITICAL WARNING: [Chipscope 16-3] Cannot debug net 'core_inst/phy_txd[0]'; it is connected between In/Out buffer and In/Out flip flop having property IOB true.
CRITICAL WARNING: [Chipscope 16-3] Cannot debug net 'core_inst/phy_txd[1]'; it is connected between In/Out buffer and In/Out flip flop having property IOB true.
CRITICAL WARNING: [Chipscope 16-3] Cannot debug net 'core_inst/phy_txd[2]'; it is connected between In/Out buffer and In/Out flip flop having property IOB true.
CRITICAL WARNING: [Chipscope 16-3] Cannot debug net 'core_inst/phy_txd[3]'; it is connected between In/Out buffer and In/Out flip flop having property IOB true.
INFO: [Timing 38-478] Restoring timing data from binary archive.
INFO: [Timing 38-479] Binary timing data restore complete.
INFO: [Project 1-856] Restoring constraints from binary archive.
INFO: [Project 1-853] Binary constraint restore complete.
INFO: [Designutils 20-5722] Start Reading Physical Databases.
Reading placement.
Read Netlist Cache: Time (s): cpu = 00:00:00 ; elapsed = 00:00:00.01 . Memory (MB): peak = 9179.547 ; gain = 0.000 ; free physical = 20231 ; free virtual = 28282
Reading placer database...
Read Device Cache: Time (s): cpu = 00:00:00 ; elapsed = 00:00:00 . Memory (MB): peak = 9179.547 ; gain = 0.000 ; free physical = 20231 ; free virtual = 28282
Read PlaceDB: Time (s): cpu = 00:00:00.16 ; elapsed = 00:00:00.16 . Memory (MB): peak = 9179.547 ; gain = 0.000 ; free physical = 20228 ; free virtual = 28278
Read PulsedLatchDB: Time (s): cpu = 00:00:00 ; elapsed = 00:00:00 . Memory (MB): peak = 9179.547 ; gain = 0.000 ; free physical = 20228 ; free virtual = 28278
Reading routing.
Read RouteStorage: Time (s): cpu = 00:00:00.06 ; elapsed = 00:00:00.06 . Memory (MB): peak = 9179.547 ; gain = 0.000 ; free physical = 20224 ; free virtual = 28274
Read Physdb Files: Time (s): cpu = 00:00:00.24 ; elapsed = 00:00:00.23 . Memory (MB): peak = 9179.547 ; gain = 0.000 ; free physical = 20224 ; free virtual = 28274
Restored from archive | CPU: 0.240000 secs | Memory: 8.428307 MB |
Finished XDEF File Restore: Time (s): cpu = 00:00:00.24 ; elapsed = 00:00:00.23 . Memory (MB): peak = 9179.547 ; gain = 0.000 ; free physical = 20224 ; free virtual = 28274
Netlist sorting complete. Time (s): cpu = 00:00:00 ; elapsed = 00:00:00 . Memory (MB): peak = 9179.547 ; gain = 0.000 ; free physical = 20224 ; free virtual = 28274
INFO: [Project 1-111] Unisim Transformation Summary:
  A total of 65 instances were transformed.
  CFGLUT5 => CFGLUT5 (SRL16E, SRLC32E): 40 instances
  RAM128X1D => RAM128X1D (MUXF7(x2), RAMD64E(x4)): 4 instances
  RAM32M => RAM32M (RAMD32(x6), RAMS32(x2)): 21 instances

WARNING: [Timing 38-436] There are set_bus_skew constraint(s) in this design. Please run report_bus_skew to ensure that bus skew requirements are met.
launch_runs impl_1 -to_step write_bitstream -jobs 16
[Tue Oct 22 23:13:10 2024] Launched impl_1...
Run output will be captured here: /home/casager/repos/verilog-ethernet/example/Arty/fpga/fpga/fpga.runs/impl_1/runme.log
open_hw_manager
connect_hw_server -allow_non_jtag
INFO: [Labtools 27-2285] Connecting to hw_server url TCP:localhost:3121
INFO: [Labtools 27-2222] Launching hw_server...
INFO: [Labtools 27-2221] Launch Output:

****** Xilinx hw_server v2023.2
  **** Build date : Oct 13 2023 at 20:26:23
    ** Copyright 1986-2022 Xilinx, Inc. All Rights Reserved.


INFO: [Labtools 27-3415] Connecting to cs_server url TCP:localhost:0
INFO: [Labtools 27-3417] Launching cs_server...
INFO: [Labtools 27-2221] Launch Output:


******** Xilinx cs_server v2023.2.0
  ****** Build date   : Oct 09 2023-23:01:56
    **** Build number : 2023.2.1696910516
      ** Copyright 2017-2022 Xilinx, Inc. All Rights Reserved.
      ** Copyright 2022-2024 Advanced Micro Devices, Inc. All Rights Reserved.



open_hw_target
INFO: [Labtoolstcl 44-466] Opening hw_target localhost:3121/xilinx_tcf/Digilent/210319B7CEE4A
set_property PROGRAM.FILE {/home/casager/repos/verilog-ethernet/example/Arty/fpga/fpga/fpga.bit} [get_hw_devices xc7a100t_0]
current_hw_device [get_hw_devices xc7a100t_0]
refresh_hw_device -update_hw_probes false [lindex [get_hw_devices xc7a100t_0] 0]
INFO: [Labtools 27-1434] Device xc7a100t (JTAG device index = 0) is programmed with a design that has no supported debug core(s) in it.
set_property PROBES.FILE {} [get_hw_devices xc7a100t_0]
set_property FULL_PROBES.FILE {} [get_hw_devices xc7a100t_0]
set_property PROGRAM.FILE {/home/casager/repos/verilog-ethernet/example/Arty/fpga/fpga/fpga.bit} [get_hw_devices xc7a100t_0]
program_hw_devices [get_hw_devices xc7a100t_0]
INFO: [Labtools 27-3164] End of startup status: HIGH
refresh_hw_device [lindex [get_hw_devices xc7a100t_0] 0]
INFO: [Labtools 27-2302] Device xc7a100t (JTAG device index = 0) is programmed with a design that has 1 ILA core(s).
WARNING: [Labtools 27-1347] Unable to find Debug Probes file []. Please update hw_device property [PROBES.FILE]
 Update of hw_probe objects, will be skipped.
WARNING: [Labtools 27-1974] Mismatch between the design programmed into the device xc7a100t_0 and the probes file(s) .
The device design has 1 ILA core(s) and 0 VIO core(s). 0 ILA core(s) and 0 VIO core(s) are matched in the probes file(s).
Resolution: 
1. Reprogram device with the correct programming file and associated probes file(s) OR
2. Goto device properties and associate the correct probes file(s) with the programming file already programmed in the device.
set_property PROBES.FILE {/home/casager/repos/verilog-ethernet/example/Arty/fpga/fpga/rev/fpga_rev101.ltx} [get_hw_devices xc7a100t_0]
set_property FULL_PROBES.FILE {/home/casager/repos/verilog-ethernet/example/Arty/fpga/fpga/rev/fpga_rev101.ltx} [get_hw_devices xc7a100t_0]
refresh_hw_device [lindex [get_hw_devices xc7a100t_0] 0]
INFO: [Labtools 27-2302] Device xc7a100t (JTAG device index = 0) is programmed with a design that has 1 ILA core(s).
WARNING: [Labtools 27-3222] Mismatch between the design programmed into the device xc7a100t (JTAG device index = 0) and the probes file(s) /home/casager/repos/verilog-ethernet/example/Arty/fpga/fpga/rev/fpga_rev101.ltx.
 The hw_probe  in the probes file has port index 4. This port does not exist in the ILA core at location (uuid_23E7D65A79BC59F7BC47406C1714DFAE).
refresh_hw_device [lindex [get_hw_devices xc7a100t_0] 0]
INFO: [Labtools 27-2302] Device xc7a100t (JTAG device index = 0) is programmed with a design that has 1 ILA core(s).
WARNING: [Labtools 27-3222] Mismatch between the design programmed into the device xc7a100t (JTAG device index = 0) and the probes file(s) /home/casager/repos/verilog-ethernet/example/Arty/fpga/fpga/rev/fpga_rev101.ltx.
 The hw_probe  in the probes file has port index 4. This port does not exist in the ILA core at location (uuid_23E7D65A79BC59F7BC47406C1714DFAE).
set_property PROBES.FILE {/home/casager/repos/verilog-ethernet/example/Arty/fpga/fpga/fpga.runs/impl_1/debug_nets.ltx} [get_hw_devices xc7a100t_0]
set_property FULL_PROBES.FILE {/home/casager/repos/verilog-ethernet/example/Arty/fpga/fpga/fpga.runs/impl_1/debug_nets.ltx} [get_hw_devices xc7a100t_0]
refresh_hw_device [lindex [get_hw_devices xc7a100t_0] 0]
INFO: [Labtools 27-2302] Device xc7a100t (JTAG device index = 0) is programmed with a design that has 1 ILA core(s).
display_hw_ila_data [ get_hw_ila_data hw_ila_data_1 -of_objects [get_hw_ilas -of_objects [get_hw_devices xc7a100t_0] -filter {CELL_NAME=~"u_ila_0"}]]
set_property TRIGGER_COMPARE_VALUE eq4'bXXXX [get_hw_probes core_inst/btn -of_objects [get_hw_ilas -of_objects [get_hw_devices xc7a100t_0] -filter {CELL_NAME=~"u_ila_0"}]]
run_hw_ila [get_hw_ilas -of_objects [get_hw_devices xc7a100t_0] -filter {CELL_NAME=~"u_ila_0"}]
INFO: [Labtools 27-1964] The ILA core 'hw_ila_1' trigger was armed at 2024-Oct-22 23:22:16
wait_on_hw_ila [get_hw_ilas -of_objects [get_hw_devices xc7a100t_0] -filter {CELL_NAME=~"u_ila_0"}]
display_hw_ila_data [upload_hw_ila_data [get_hw_ilas -of_objects [get_hw_devices xc7a100t_0] -filter {CELL_NAME=~"u_ila_0"}]]
INFO: [Labtools 27-1966] The ILA core 'hw_ila_1' triggered at 2024-Oct-22 23:22:16
INFO: [Labtools 27-3304] ILA Waveform data saved to file /home/casager/repos/verilog-ethernet/example/Arty/fpga/fpga/fpga.hw/backup/hw_ila_data_1.ila. Use Tcl command 'read_hw_ila_data' or Vivado File->Import->Import ILA Data menu item to import the previously saved data.
run_hw_ila [get_hw_ilas -of_objects [get_hw_devices xc7a100t_0] -filter {CELL_NAME=~"u_ila_0"}]
INFO: [Labtools 27-1964] The ILA core 'hw_ila_1' trigger was armed at 2024-Oct-22 23:30:37
wait_on_hw_ila [get_hw_ilas -of_objects [get_hw_devices xc7a100t_0] -filter {CELL_NAME=~"u_ila_0"}]
display_hw_ila_data [upload_hw_ila_data [get_hw_ilas -of_objects [get_hw_devices xc7a100t_0] -filter {CELL_NAME=~"u_ila_0"}]]
INFO: [Labtools 27-1966] The ILA core 'hw_ila_1' triggered at 2024-Oct-22 23:30:37
INFO: [Labtools 27-3304] ILA Waveform data saved to file /home/casager/repos/verilog-ethernet/example/Arty/fpga/fpga/fpga.hw/backup/hw_ila_data_1.ila. Use Tcl command 'read_hw_ila_data' or Vivado File->Import->Import ILA Data menu item to import the previously saved data.
run_hw_ila [get_hw_ilas -of_objects [get_hw_devices xc7a100t_0] -filter {CELL_NAME=~"u_ila_0"}]
INFO: [Labtools 27-1964] The ILA core 'hw_ila_1' trigger was armed at 2024-Oct-22 23:32:05
wait_on_hw_ila [get_hw_ilas -of_objects [get_hw_devices xc7a100t_0] -filter {CELL_NAME=~"u_ila_0"}]
display_hw_ila_data [upload_hw_ila_data [get_hw_ilas -of_objects [get_hw_devices xc7a100t_0] -filter {CELL_NAME=~"u_ila_0"}]]
INFO: [Labtools 27-1966] The ILA core 'hw_ila_1' triggered at 2024-Oct-22 23:32:05
INFO: [Labtools 27-3304] ILA Waveform data saved to file /home/casager/repos/verilog-ethernet/example/Arty/fpga/fpga/fpga.hw/backup/hw_ila_data_1.ila. Use Tcl command 'read_hw_ila_data' or Vivado File->Import->Import ILA Data menu item to import the previously saved data.
run_hw_ila [get_hw_ilas -of_objects [get_hw_devices xc7a100t_0] -filter {CELL_NAME=~"u_ila_0"}]
INFO: [Labtools 27-1964] The ILA core 'hw_ila_1' trigger was armed at 2024-Oct-22 23:32:12
wait_on_hw_ila [get_hw_ilas -of_objects [get_hw_devices xc7a100t_0] -filter {CELL_NAME=~"u_ila_0"}]
display_hw_ila_data [upload_hw_ila_data [get_hw_ilas -of_objects [get_hw_devices xc7a100t_0] -filter {CELL_NAME=~"u_ila_0"}]]
INFO: [Labtools 27-1966] The ILA core 'hw_ila_1' triggered at 2024-Oct-22 23:32:12
INFO: [Labtools 27-3304] ILA Waveform data saved to file /home/casager/repos/verilog-ethernet/example/Arty/fpga/fpga/fpga.hw/backup/hw_ila_data_1.ila. Use Tcl command 'read_hw_ila_data' or Vivado File->Import->Import ILA Data menu item to import the previously saved data.
run_hw_ila [get_hw_ilas -of_objects [get_hw_devices xc7a100t_0] -filter {CELL_NAME=~"u_ila_0"}]
INFO: [Labtools 27-1964] The ILA core 'hw_ila_1' trigger was armed at 2024-Oct-22 23:32:16
wait_on_hw_ila [get_hw_ilas -of_objects [get_hw_devices xc7a100t_0] -filter {CELL_NAME=~"u_ila_0"}]
display_hw_ila_data [upload_hw_ila_data [get_hw_ilas -of_objects [get_hw_devices xc7a100t_0] -filter {CELL_NAME=~"u_ila_0"}]]
INFO: [Labtools 27-1966] The ILA core 'hw_ila_1' triggered at 2024-Oct-22 23:32:16
INFO: [Labtools 27-3304] ILA Waveform data saved to file /home/casager/repos/verilog-ethernet/example/Arty/fpga/fpga/fpga.hw/backup/hw_ila_data_1.ila. Use Tcl command 'read_hw_ila_data' or Vivado File->Import->Import ILA Data menu item to import the previously saved data.
run_hw_ila [get_hw_ilas -of_objects [get_hw_devices xc7a100t_0] -filter {CELL_NAME=~"u_ila_0"}]
INFO: [Labtools 27-1964] The ILA core 'hw_ila_1' trigger was armed at 2024-Oct-22 23:32:19
wait_on_hw_ila [get_hw_ilas -of_objects [get_hw_devices xc7a100t_0] -filter {CELL_NAME=~"u_ila_0"}]
display_hw_ila_data [upload_hw_ila_data [get_hw_ilas -of_objects [get_hw_devices xc7a100t_0] -filter {CELL_NAME=~"u_ila_0"}]]
INFO: [Labtools 27-1966] The ILA core 'hw_ila_1' triggered at 2024-Oct-22 23:32:19
INFO: [Labtools 27-3304] ILA Waveform data saved to file /home/casager/repos/verilog-ethernet/example/Arty/fpga/fpga/fpga.hw/backup/hw_ila_data_1.ila. Use Tcl command 'read_hw_ila_data' or Vivado File->Import->Import ILA Data menu item to import the previously saved data.
run_hw_ila [get_hw_ilas -of_objects [get_hw_devices xc7a100t_0] -filter {CELL_NAME=~"u_ila_0"}]
INFO: [Labtools 27-1964] The ILA core 'hw_ila_1' trigger was armed at 2024-Oct-22 23:32:22
wait_on_hw_ila [get_hw_ilas -of_objects [get_hw_devices xc7a100t_0] -filter {CELL_NAME=~"u_ila_0"}]
display_hw_ila_data [upload_hw_ila_data [get_hw_ilas -of_objects [get_hw_devices xc7a100t_0] -filter {CELL_NAME=~"u_ila_0"}]]
INFO: [Labtools 27-1966] The ILA core 'hw_ila_1' triggered at 2024-Oct-22 23:32:22
INFO: [Labtools 27-3304] ILA Waveform data saved to file /home/casager/repos/verilog-ethernet/example/Arty/fpga/fpga/fpga.hw/backup/hw_ila_data_1.ila. Use Tcl command 'read_hw_ila_data' or Vivado File->Import->Import ILA Data menu item to import the previously saved data.
run_hw_ila [get_hw_ilas -of_objects [get_hw_devices xc7a100t_0] -filter {CELL_NAME=~"u_ila_0"}]
INFO: [Labtools 27-1964] The ILA core 'hw_ila_1' trigger was armed at 2024-Oct-22 23:32:26
wait_on_hw_ila [get_hw_ilas -of_objects [get_hw_devices xc7a100t_0] -filter {CELL_NAME=~"u_ila_0"}]
display_hw_ila_data [upload_hw_ila_data [get_hw_ilas -of_objects [get_hw_devices xc7a100t_0] -filter {CELL_NAME=~"u_ila_0"}]]
INFO: [Labtools 27-1966] The ILA core 'hw_ila_1' triggered at 2024-Oct-22 23:32:26
INFO: [Labtools 27-3304] ILA Waveform data saved to file /home/casager/repos/verilog-ethernet/example/Arty/fpga/fpga/fpga.hw/backup/hw_ila_data_1.ila. Use Tcl command 'read_hw_ila_data' or Vivado File->Import->Import ILA Data menu item to import the previously saved data.
run_hw_ila [get_hw_ilas -of_objects [get_hw_devices xc7a100t_0] -filter {CELL_NAME=~"u_ila_0"}]
INFO: [Labtools 27-1964] The ILA core 'hw_ila_1' trigger was armed at 2024-Oct-22 23:32:29
wait_on_hw_ila [get_hw_ilas -of_objects [get_hw_devices xc7a100t_0] -filter {CELL_NAME=~"u_ila_0"}]
display_hw_ila_data [upload_hw_ila_data [get_hw_ilas -of_objects [get_hw_devices xc7a100t_0] -filter {CELL_NAME=~"u_ila_0"}]]
INFO: [Labtools 27-1966] The ILA core 'hw_ila_1' triggered at 2024-Oct-22 23:32:29
INFO: [Labtools 27-3304] ILA Waveform data saved to file /home/casager/repos/verilog-ethernet/example/Arty/fpga/fpga/fpga.hw/backup/hw_ila_data_1.ila. Use Tcl command 'read_hw_ila_data' or Vivado File->Import->Import ILA Data menu item to import the previously saved data.
run_hw_ila [get_hw_ilas -of_objects [get_hw_devices xc7a100t_0] -filter {CELL_NAME=~"u_ila_0"}]
INFO: [Labtools 27-1964] The ILA core 'hw_ila_1' trigger was armed at 2024-Oct-22 23:32:32
wait_on_hw_ila [get_hw_ilas -of_objects [get_hw_devices xc7a100t_0] -filter {CELL_NAME=~"u_ila_0"}]
display_hw_ila_data [upload_hw_ila_data [get_hw_ilas -of_objects [get_hw_devices xc7a100t_0] -filter {CELL_NAME=~"u_ila_0"}]]
INFO: [Labtools 27-1966] The ILA core 'hw_ila_1' triggered at 2024-Oct-22 23:32:32
INFO: [Labtools 27-3304] ILA Waveform data saved to file /home/casager/repos/verilog-ethernet/example/Arty/fpga/fpga/fpga.hw/backup/hw_ila_data_1.ila. Use Tcl command 'read_hw_ila_data' or Vivado File->Import->Import ILA Data menu item to import the previously saved data.
run_hw_ila [get_hw_ilas -of_objects [get_hw_devices xc7a100t_0] -filter {CELL_NAME=~"u_ila_0"}]
INFO: [Labtools 27-1964] The ILA core 'hw_ila_1' trigger was armed at 2024-Oct-22 23:32:36
wait_on_hw_ila [get_hw_ilas -of_objects [get_hw_devices xc7a100t_0] -filter {CELL_NAME=~"u_ila_0"}]
display_hw_ila_data [upload_hw_ila_data [get_hw_ilas -of_objects [get_hw_devices xc7a100t_0] -filter {CELL_NAME=~"u_ila_0"}]]
INFO: [Labtools 27-1966] The ILA core 'hw_ila_1' triggered at 2024-Oct-22 23:32:36
INFO: [Labtools 27-3304] ILA Waveform data saved to file /home/casager/repos/verilog-ethernet/example/Arty/fpga/fpga/fpga.hw/backup/hw_ila_data_1.ila. Use Tcl command 'read_hw_ila_data' or Vivado File->Import->Import ILA Data menu item to import the previously saved data.
run_hw_ila [get_hw_ilas -of_objects [get_hw_devices xc7a100t_0] -filter {CELL_NAME=~"u_ila_0"}]
INFO: [Labtools 27-1964] The ILA core 'hw_ila_1' trigger was armed at 2024-Oct-22 23:32:39
wait_on_hw_ila [get_hw_ilas -of_objects [get_hw_devices xc7a100t_0] -filter {CELL_NAME=~"u_ila_0"}]
display_hw_ila_data [upload_hw_ila_data [get_hw_ilas -of_objects [get_hw_devices xc7a100t_0] -filter {CELL_NAME=~"u_ila_0"}]]
INFO: [Labtools 27-1966] The ILA core 'hw_ila_1' triggered at 2024-Oct-22 23:32:39
INFO: [Labtools 27-3304] ILA Waveform data saved to file /home/casager/repos/verilog-ethernet/example/Arty/fpga/fpga/fpga.hw/backup/hw_ila_data_1.ila. Use Tcl command 'read_hw_ila_data' or Vivado File->Import->Import ILA Data menu item to import the previously saved data.
run_hw_ila [get_hw_ilas -of_objects [get_hw_devices xc7a100t_0] -filter {CELL_NAME=~"u_ila_0"}]
INFO: [Labtools 27-1964] The ILA core 'hw_ila_1' trigger was armed at 2024-Oct-22 23:32:42
wait_on_hw_ila [get_hw_ilas -of_objects [get_hw_devices xc7a100t_0] -filter {CELL_NAME=~"u_ila_0"}]
display_hw_ila_data [upload_hw_ila_data [get_hw_ilas -of_objects [get_hw_devices xc7a100t_0] -filter {CELL_NAME=~"u_ila_0"}]]
INFO: [Labtools 27-1966] The ILA core 'hw_ila_1' triggered at 2024-Oct-22 23:32:42
INFO: [Labtools 27-3304] ILA Waveform data saved to file /home/casager/repos/verilog-ethernet/example/Arty/fpga/fpga/fpga.hw/backup/hw_ila_data_1.ila. Use Tcl command 'read_hw_ila_data' or Vivado File->Import->Import ILA Data menu item to import the previously saved data.
run_hw_ila [get_hw_ilas -of_objects [get_hw_devices xc7a100t_0] -filter {CELL_NAME=~"u_ila_0"}]
INFO: [Labtools 27-1964] The ILA core 'hw_ila_1' trigger was armed at 2024-Oct-22 23:32:45
wait_on_hw_ila [get_hw_ilas -of_objects [get_hw_devices xc7a100t_0] -filter {CELL_NAME=~"u_ila_0"}]
display_hw_ila_data [upload_hw_ila_data [get_hw_ilas -of_objects [get_hw_devices xc7a100t_0] -filter {CELL_NAME=~"u_ila_0"}]]
INFO: [Labtools 27-1966] The ILA core 'hw_ila_1' triggered at 2024-Oct-22 23:32:45
INFO: [Labtools 27-3304] ILA Waveform data saved to file /home/casager/repos/verilog-ethernet/example/Arty/fpga/fpga/fpga.hw/backup/hw_ila_data_1.ila. Use Tcl command 'read_hw_ila_data' or Vivado File->Import->Import ILA Data menu item to import the previously saved data.
run_hw_ila [get_hw_ilas -of_objects [get_hw_devices xc7a100t_0] -filter {CELL_NAME=~"u_ila_0"}]
INFO: [Labtools 27-1964] The ILA core 'hw_ila_1' trigger was armed at 2024-Oct-22 23:32:49
wait_on_hw_ila [get_hw_ilas -of_objects [get_hw_devices xc7a100t_0] -filter {CELL_NAME=~"u_ila_0"}]
display_hw_ila_data [upload_hw_ila_data [get_hw_ilas -of_objects [get_hw_devices xc7a100t_0] -filter {CELL_NAME=~"u_ila_0"}]]
INFO: [Labtools 27-1966] The ILA core 'hw_ila_1' triggered at 2024-Oct-22 23:32:49
INFO: [Labtools 27-3304] ILA Waveform data saved to file /home/casager/repos/verilog-ethernet/example/Arty/fpga/fpga/fpga.hw/backup/hw_ila_data_1.ila. Use Tcl command 'read_hw_ila_data' or Vivado File->Import->Import ILA Data menu item to import the previously saved data.
run_hw_ila [get_hw_ilas -of_objects [get_hw_devices xc7a100t_0] -filter {CELL_NAME=~"u_ila_0"}]
INFO: [Labtools 27-1964] The ILA core 'hw_ila_1' trigger was armed at 2024-Oct-22 23:32:52
wait_on_hw_ila [get_hw_ilas -of_objects [get_hw_devices xc7a100t_0] -filter {CELL_NAME=~"u_ila_0"}]
display_hw_ila_data [upload_hw_ila_data [get_hw_ilas -of_objects [get_hw_devices xc7a100t_0] -filter {CELL_NAME=~"u_ila_0"}]]
INFO: [Labtools 27-1966] The ILA core 'hw_ila_1' triggered at 2024-Oct-22 23:32:52
INFO: [Labtools 27-3304] ILA Waveform data saved to file /home/casager/repos/verilog-ethernet/example/Arty/fpga/fpga/fpga.hw/backup/hw_ila_data_1.ila. Use Tcl command 'read_hw_ila_data' or Vivado File->Import->Import ILA Data menu item to import the previously saved data.
run_hw_ila [get_hw_ilas -of_objects [get_hw_devices xc7a100t_0] -filter {CELL_NAME=~"u_ila_0"}]
INFO: [Labtools 27-1964] The ILA core 'hw_ila_1' trigger was armed at 2024-Oct-22 23:32:55
wait_on_hw_ila [get_hw_ilas -of_objects [get_hw_devices xc7a100t_0] -filter {CELL_NAME=~"u_ila_0"}]
display_hw_ila_data [upload_hw_ila_data [get_hw_ilas -of_objects [get_hw_devices xc7a100t_0] -filter {CELL_NAME=~"u_ila_0"}]]
INFO: [Labtools 27-1966] The ILA core 'hw_ila_1' triggered at 2024-Oct-22 23:32:55
INFO: [Labtools 27-3304] ILA Waveform data saved to file /home/casager/repos/verilog-ethernet/example/Arty/fpga/fpga/fpga.hw/backup/hw_ila_data_1.ila. Use Tcl command 'read_hw_ila_data' or Vivado File->Import->Import ILA Data menu item to import the previously saved data.
run_hw_ila [get_hw_ilas -of_objects [get_hw_devices xc7a100t_0] -filter {CELL_NAME=~"u_ila_0"}]
INFO: [Labtools 27-1964] The ILA core 'hw_ila_1' trigger was armed at 2024-Oct-22 23:32:59
wait_on_hw_ila [get_hw_ilas -of_objects [get_hw_devices xc7a100t_0] -filter {CELL_NAME=~"u_ila_0"}]
display_hw_ila_data [upload_hw_ila_data [get_hw_ilas -of_objects [get_hw_devices xc7a100t_0] -filter {CELL_NAME=~"u_ila_0"}]]
INFO: [Labtools 27-1966] The ILA core 'hw_ila_1' triggered at 2024-Oct-22 23:32:59
INFO: [Labtools 27-3304] ILA Waveform data saved to file /home/casager/repos/verilog-ethernet/example/Arty/fpga/fpga/fpga.hw/backup/hw_ila_data_1.ila. Use Tcl command 'read_hw_ila_data' or Vivado File->Import->Import ILA Data menu item to import the previously saved data.
run_hw_ila [get_hw_ilas -of_objects [get_hw_devices xc7a100t_0] -filter {CELL_NAME=~"u_ila_0"}]
INFO: [Labtools 27-1964] The ILA core 'hw_ila_1' trigger was armed at 2024-Oct-22 23:33:02
wait_on_hw_ila [get_hw_ilas -of_objects [get_hw_devices xc7a100t_0] -filter {CELL_NAME=~"u_ila_0"}]
display_hw_ila_data [upload_hw_ila_data [get_hw_ilas -of_objects [get_hw_devices xc7a100t_0] -filter {CELL_NAME=~"u_ila_0"}]]
INFO: [Labtools 27-1966] The ILA core 'hw_ila_1' triggered at 2024-Oct-22 23:33:02
INFO: [Labtools 27-3304] ILA Waveform data saved to file /home/casager/repos/verilog-ethernet/example/Arty/fpga/fpga/fpga.hw/backup/hw_ila_data_1.ila. Use Tcl command 'read_hw_ila_data' or Vivado File->Import->Import ILA Data menu item to import the previously saved data.
run_hw_ila [get_hw_ilas -of_objects [get_hw_devices xc7a100t_0] -filter {CELL_NAME=~"u_ila_0"}]
INFO: [Labtools 27-1964] The ILA core 'hw_ila_1' trigger was armed at 2024-Oct-22 23:33:05
wait_on_hw_ila [get_hw_ilas -of_objects [get_hw_devices xc7a100t_0] -filter {CELL_NAME=~"u_ila_0"}]
display_hw_ila_data [upload_hw_ila_data [get_hw_ilas -of_objects [get_hw_devices xc7a100t_0] -filter {CELL_NAME=~"u_ila_0"}]]
INFO: [Labtools 27-1966] The ILA core 'hw_ila_1' triggered at 2024-Oct-22 23:33:05
INFO: [Labtools 27-3304] ILA Waveform data saved to file /home/casager/repos/verilog-ethernet/example/Arty/fpga/fpga/fpga.hw/backup/hw_ila_data_1.ila. Use Tcl command 'read_hw_ila_data' or Vivado File->Import->Import ILA Data menu item to import the previously saved data.
run_hw_ila [get_hw_ilas -of_objects [get_hw_devices xc7a100t_0] -filter {CELL_NAME=~"u_ila_0"}]
INFO: [Labtools 27-1964] The ILA core 'hw_ila_1' trigger was armed at 2024-Oct-22 23:33:09
wait_on_hw_ila [get_hw_ilas -of_objects [get_hw_devices xc7a100t_0] -filter {CELL_NAME=~"u_ila_0"}]
display_hw_ila_data [upload_hw_ila_data [get_hw_ilas -of_objects [get_hw_devices xc7a100t_0] -filter {CELL_NAME=~"u_ila_0"}]]
INFO: [Labtools 27-1966] The ILA core 'hw_ila_1' triggered at 2024-Oct-22 23:33:09
INFO: [Labtools 27-3304] ILA Waveform data saved to file /home/casager/repos/verilog-ethernet/example/Arty/fpga/fpga/fpga.hw/backup/hw_ila_data_1.ila. Use Tcl command 'read_hw_ila_data' or Vivado File->Import->Import ILA Data menu item to import the previously saved data.
run_hw_ila [get_hw_ilas -of_objects [get_hw_devices xc7a100t_0] -filter {CELL_NAME=~"u_ila_0"}]
INFO: [Labtools 27-1964] The ILA core 'hw_ila_1' trigger was armed at 2024-Oct-22 23:33:12
wait_on_hw_ila [get_hw_ilas -of_objects [get_hw_devices xc7a100t_0] -filter {CELL_NAME=~"u_ila_0"}]
display_hw_ila_data [upload_hw_ila_data [get_hw_ilas -of_objects [get_hw_devices xc7a100t_0] -filter {CELL_NAME=~"u_ila_0"}]]
INFO: [Labtools 27-1966] The ILA core 'hw_ila_1' triggered at 2024-Oct-22 23:33:12
INFO: [Labtools 27-3304] ILA Waveform data saved to file /home/casager/repos/verilog-ethernet/example/Arty/fpga/fpga/fpga.hw/backup/hw_ila_data_1.ila. Use Tcl command 'read_hw_ila_data' or Vivado File->Import->Import ILA Data menu item to import the previously saved data.
run_hw_ila [get_hw_ilas -of_objects [get_hw_devices xc7a100t_0] -filter {CELL_NAME=~"u_ila_0"}]
INFO: [Labtools 27-1964] The ILA core 'hw_ila_1' trigger was armed at 2024-Oct-22 23:33:15
wait_on_hw_ila [get_hw_ilas -of_objects [get_hw_devices xc7a100t_0] -filter {CELL_NAME=~"u_ila_0"}]
display_hw_ila_data [upload_hw_ila_data [get_hw_ilas -of_objects [get_hw_devices xc7a100t_0] -filter {CELL_NAME=~"u_ila_0"}]]
INFO: [Labtools 27-1966] The ILA core 'hw_ila_1' triggered at 2024-Oct-22 23:33:15
INFO: [Labtools 27-3304] ILA Waveform data saved to file /home/casager/repos/verilog-ethernet/example/Arty/fpga/fpga/fpga.hw/backup/hw_ila_data_1.ila. Use Tcl command 'read_hw_ila_data' or Vivado File->Import->Import ILA Data menu item to import the previously saved data.
run_hw_ila [get_hw_ilas -of_objects [get_hw_devices xc7a100t_0] -filter {CELL_NAME=~"u_ila_0"}]
INFO: [Labtools 27-1964] The ILA core 'hw_ila_1' trigger was armed at 2024-Oct-22 23:33:18
wait_on_hw_ila [get_hw_ilas -of_objects [get_hw_devices xc7a100t_0] -filter {CELL_NAME=~"u_ila_0"}]
display_hw_ila_data [upload_hw_ila_data [get_hw_ilas -of_objects [get_hw_devices xc7a100t_0] -filter {CELL_NAME=~"u_ila_0"}]]
INFO: [Labtools 27-1966] The ILA core 'hw_ila_1' triggered at 2024-Oct-22 23:33:18
INFO: [Labtools 27-3304] ILA Waveform data saved to file /home/casager/repos/verilog-ethernet/example/Arty/fpga/fpga/fpga.hw/backup/hw_ila_data_1.ila. Use Tcl command 'read_hw_ila_data' or Vivado File->Import->Import ILA Data menu item to import the previously saved data.
run_hw_ila [get_hw_ilas -of_objects [get_hw_devices xc7a100t_0] -filter {CELL_NAME=~"u_ila_0"}]
INFO: [Labtools 27-1964] The ILA core 'hw_ila_1' trigger was armed at 2024-Oct-22 23:33:22
wait_on_hw_ila [get_hw_ilas -of_objects [get_hw_devices xc7a100t_0] -filter {CELL_NAME=~"u_ila_0"}]
display_hw_ila_data [upload_hw_ila_data [get_hw_ilas -of_objects [get_hw_devices xc7a100t_0] -filter {CELL_NAME=~"u_ila_0"}]]
INFO: [Labtools 27-1966] The ILA core 'hw_ila_1' triggered at 2024-Oct-22 23:33:22
INFO: [Labtools 27-3304] ILA Waveform data saved to file /home/casager/repos/verilog-ethernet/example/Arty/fpga/fpga/fpga.hw/backup/hw_ila_data_1.ila. Use Tcl command 'read_hw_ila_data' or Vivado File->Import->Import ILA Data menu item to import the previously saved data.
run_hw_ila [get_hw_ilas -of_objects [get_hw_devices xc7a100t_0] -filter {CELL_NAME=~"u_ila_0"}]
INFO: [Labtools 27-1964] The ILA core 'hw_ila_1' trigger was armed at 2024-Oct-22 23:33:25
wait_on_hw_ila [get_hw_ilas -of_objects [get_hw_devices xc7a100t_0] -filter {CELL_NAME=~"u_ila_0"}]
display_hw_ila_data [upload_hw_ila_data [get_hw_ilas -of_objects [get_hw_devices xc7a100t_0] -filter {CELL_NAME=~"u_ila_0"}]]
INFO: [Labtools 27-1966] The ILA core 'hw_ila_1' triggered at 2024-Oct-22 23:33:25
INFO: [Labtools 27-3304] ILA Waveform data saved to file /home/casager/repos/verilog-ethernet/example/Arty/fpga/fpga/fpga.hw/backup/hw_ila_data_1.ila. Use Tcl command 'read_hw_ila_data' or Vivado File->Import->Import ILA Data menu item to import the previously saved data.
run_hw_ila [get_hw_ilas -of_objects [get_hw_devices xc7a100t_0] -filter {CELL_NAME=~"u_ila_0"}]
INFO: [Labtools 27-1964] The ILA core 'hw_ila_1' trigger was armed at 2024-Oct-22 23:33:28
wait_on_hw_ila [get_hw_ilas -of_objects [get_hw_devices xc7a100t_0] -filter {CELL_NAME=~"u_ila_0"}]
display_hw_ila_data [upload_hw_ila_data [get_hw_ilas -of_objects [get_hw_devices xc7a100t_0] -filter {CELL_NAME=~"u_ila_0"}]]
INFO: [Labtools 27-1966] The ILA core 'hw_ila_1' triggered at 2024-Oct-22 23:33:28
INFO: [Labtools 27-3304] ILA Waveform data saved to file /home/casager/repos/verilog-ethernet/example/Arty/fpga/fpga/fpga.hw/backup/hw_ila_data_1.ila. Use Tcl command 'read_hw_ila_data' or Vivado File->Import->Import ILA Data menu item to import the previously saved data.
run_hw_ila [get_hw_ilas -of_objects [get_hw_devices xc7a100t_0] -filter {CELL_NAME=~"u_ila_0"}]
INFO: [Labtools 27-1964] The ILA core 'hw_ila_1' trigger was armed at 2024-Oct-22 23:33:32
wait_on_hw_ila [get_hw_ilas -of_objects [get_hw_devices xc7a100t_0] -filter {CELL_NAME=~"u_ila_0"}]
display_hw_ila_data [upload_hw_ila_data [get_hw_ilas -of_objects [get_hw_devices xc7a100t_0] -filter {CELL_NAME=~"u_ila_0"}]]
INFO: [Labtools 27-1966] The ILA core 'hw_ila_1' triggered at 2024-Oct-22 23:33:32
INFO: [Labtools 27-3304] ILA Waveform data saved to file /home/casager/repos/verilog-ethernet/example/Arty/fpga/fpga/fpga.hw/backup/hw_ila_data_1.ila. Use Tcl command 'read_hw_ila_data' or Vivado File->Import->Import ILA Data menu item to import the previously saved data.
run_hw_ila [get_hw_ilas -of_objects [get_hw_devices xc7a100t_0] -filter {CELL_NAME=~"u_ila_0"}]
INFO: [Labtools 27-1964] The ILA core 'hw_ila_1' trigger was armed at 2024-Oct-22 23:33:35
wait_on_hw_ila [get_hw_ilas -of_objects [get_hw_devices xc7a100t_0] -filter {CELL_NAME=~"u_ila_0"}]
display_hw_ila_data [upload_hw_ila_data [get_hw_ilas -of_objects [get_hw_devices xc7a100t_0] -filter {CELL_NAME=~"u_ila_0"}]]
INFO: [Labtools 27-1966] The ILA core 'hw_ila_1' triggered at 2024-Oct-22 23:33:35
INFO: [Labtools 27-3304] ILA Waveform data saved to file /home/casager/repos/verilog-ethernet/example/Arty/fpga/fpga/fpga.hw/backup/hw_ila_data_1.ila. Use Tcl command 'read_hw_ila_data' or Vivado File->Import->Import ILA Data menu item to import the previously saved data.
run_hw_ila [get_hw_ilas -of_objects [get_hw_devices xc7a100t_0] -filter {CELL_NAME=~"u_ila_0"}]
INFO: [Labtools 27-1964] The ILA core 'hw_ila_1' trigger was armed at 2024-Oct-22 23:33:38
wait_on_hw_ila [get_hw_ilas -of_objects [get_hw_devices xc7a100t_0] -filter {CELL_NAME=~"u_ila_0"}]
display_hw_ila_data [upload_hw_ila_data [get_hw_ilas -of_objects [get_hw_devices xc7a100t_0] -filter {CELL_NAME=~"u_ila_0"}]]
INFO: [Labtools 27-1966] The ILA core 'hw_ila_1' triggered at 2024-Oct-22 23:33:38
INFO: [Labtools 27-3304] ILA Waveform data saved to file /home/casager/repos/verilog-ethernet/example/Arty/fpga/fpga/fpga.hw/backup/hw_ila_data_1.ila. Use Tcl command 'read_hw_ila_data' or Vivado File->Import->Import ILA Data menu item to import the previously saved data.
run_hw_ila [get_hw_ilas -of_objects [get_hw_devices xc7a100t_0] -filter {CELL_NAME=~"u_ila_0"}]
INFO: [Labtools 27-1964] The ILA core 'hw_ila_1' trigger was armed at 2024-Oct-22 23:33:42
wait_on_hw_ila [get_hw_ilas -of_objects [get_hw_devices xc7a100t_0] -filter {CELL_NAME=~"u_ila_0"}]
display_hw_ila_data [upload_hw_ila_data [get_hw_ilas -of_objects [get_hw_devices xc7a100t_0] -filter {CELL_NAME=~"u_ila_0"}]]
INFO: [Labtools 27-1966] The ILA core 'hw_ila_1' triggered at 2024-Oct-22 23:33:42
INFO: [Labtools 27-3304] ILA Waveform data saved to file /home/casager/repos/verilog-ethernet/example/Arty/fpga/fpga/fpga.hw/backup/hw_ila_data_1.ila. Use Tcl command 'read_hw_ila_data' or Vivado File->Import->Import ILA Data menu item to import the previously saved data.
run_hw_ila [get_hw_ilas -of_objects [get_hw_devices xc7a100t_0] -filter {CELL_NAME=~"u_ila_0"}]
INFO: [Labtools 27-1964] The ILA core 'hw_ila_1' trigger was armed at 2024-Oct-22 23:33:45
wait_on_hw_ila [get_hw_ilas -of_objects [get_hw_devices xc7a100t_0] -filter {CELL_NAME=~"u_ila_0"}]
display_hw_ila_data [upload_hw_ila_data [get_hw_ilas -of_objects [get_hw_devices xc7a100t_0] -filter {CELL_NAME=~"u_ila_0"}]]
INFO: [Labtools 27-1966] The ILA core 'hw_ila_1' triggered at 2024-Oct-22 23:33:45
INFO: [Labtools 27-3304] ILA Waveform data saved to file /home/casager/repos/verilog-ethernet/example/Arty/fpga/fpga/fpga.hw/backup/hw_ila_data_1.ila. Use Tcl command 'read_hw_ila_data' or Vivado File->Import->Import ILA Data menu item to import the previously saved data.
run_hw_ila [get_hw_ilas -of_objects [get_hw_devices xc7a100t_0] -filter {CELL_NAME=~"u_ila_0"}]
INFO: [Labtools 27-1964] The ILA core 'hw_ila_1' trigger was armed at 2024-Oct-22 23:33:49
wait_on_hw_ila [get_hw_ilas -of_objects [get_hw_devices xc7a100t_0] -filter {CELL_NAME=~"u_ila_0"}]
display_hw_ila_data [upload_hw_ila_data [get_hw_ilas -of_objects [get_hw_devices xc7a100t_0] -filter {CELL_NAME=~"u_ila_0"}]]
INFO: [Labtools 27-1966] The ILA core 'hw_ila_1' triggered at 2024-Oct-22 23:33:49
INFO: [Labtools 27-3304] ILA Waveform data saved to file /home/casager/repos/verilog-ethernet/example/Arty/fpga/fpga/fpga.hw/backup/hw_ila_data_1.ila. Use Tcl command 'read_hw_ila_data' or Vivado File->Import->Import ILA Data menu item to import the previously saved data.
run_hw_ila [get_hw_ilas -of_objects [get_hw_devices xc7a100t_0] -filter {CELL_NAME=~"u_ila_0"}]
INFO: [Labtools 27-1964] The ILA core 'hw_ila_1' trigger was armed at 2024-Oct-22 23:33:52
wait_on_hw_ila [get_hw_ilas -of_objects [get_hw_devices xc7a100t_0] -filter {CELL_NAME=~"u_ila_0"}]
display_hw_ila_data [upload_hw_ila_data [get_hw_ilas -of_objects [get_hw_devices xc7a100t_0] -filter {CELL_NAME=~"u_ila_0"}]]
INFO: [Labtools 27-1966] The ILA core 'hw_ila_1' triggered at 2024-Oct-22 23:33:52
INFO: [Labtools 27-3304] ILA Waveform data saved to file /home/casager/repos/verilog-ethernet/example/Arty/fpga/fpga/fpga.hw/backup/hw_ila_data_1.ila. Use Tcl command 'read_hw_ila_data' or Vivado File->Import->Import ILA Data menu item to import the previously saved data.
run_hw_ila [get_hw_ilas -of_objects [get_hw_devices xc7a100t_0] -filter {CELL_NAME=~"u_ila_0"}]
INFO: [Labtools 27-1964] The ILA core 'hw_ila_1' trigger was armed at 2024-Oct-22 23:33:55
wait_on_hw_ila [get_hw_ilas -of_objects [get_hw_devices xc7a100t_0] -filter {CELL_NAME=~"u_ila_0"}]
display_hw_ila_data [upload_hw_ila_data [get_hw_ilas -of_objects [get_hw_devices xc7a100t_0] -filter {CELL_NAME=~"u_ila_0"}]]
INFO: [Labtools 27-1966] The ILA core 'hw_ila_1' triggered at 2024-Oct-22 23:33:55
INFO: [Labtools 27-3304] ILA Waveform data saved to file /home/casager/repos/verilog-ethernet/example/Arty/fpga/fpga/fpga.hw/backup/hw_ila_data_1.ila. Use Tcl command 'read_hw_ila_data' or Vivado File->Import->Import ILA Data menu item to import the previously saved data.
run_hw_ila [get_hw_ilas -of_objects [get_hw_devices xc7a100t_0] -filter {CELL_NAME=~"u_ila_0"}]
INFO: [Labtools 27-1964] The ILA core 'hw_ila_1' trigger was armed at 2024-Oct-22 23:33:59
wait_on_hw_ila [get_hw_ilas -of_objects [get_hw_devices xc7a100t_0] -filter {CELL_NAME=~"u_ila_0"}]
display_hw_ila_data [upload_hw_ila_data [get_hw_ilas -of_objects [get_hw_devices xc7a100t_0] -filter {CELL_NAME=~"u_ila_0"}]]
INFO: [Labtools 27-1966] The ILA core 'hw_ila_1' triggered at 2024-Oct-22 23:33:59
INFO: [Labtools 27-3304] ILA Waveform data saved to file /home/casager/repos/verilog-ethernet/example/Arty/fpga/fpga/fpga.hw/backup/hw_ila_data_1.ila. Use Tcl command 'read_hw_ila_data' or Vivado File->Import->Import ILA Data menu item to import the previously saved data.
run_hw_ila [get_hw_ilas -of_objects [get_hw_devices xc7a100t_0] -filter {CELL_NAME=~"u_ila_0"}]
INFO: [Labtools 27-1964] The ILA core 'hw_ila_1' trigger was armed at 2024-Oct-22 23:34:02
wait_on_hw_ila [get_hw_ilas -of_objects [get_hw_devices xc7a100t_0] -filter {CELL_NAME=~"u_ila_0"}]
display_hw_ila_data [upload_hw_ila_data [get_hw_ilas -of_objects [get_hw_devices xc7a100t_0] -filter {CELL_NAME=~"u_ila_0"}]]
INFO: [Labtools 27-1966] The ILA core 'hw_ila_1' triggered at 2024-Oct-22 23:34:02
INFO: [Labtools 27-3304] ILA Waveform data saved to file /home/casager/repos/verilog-ethernet/example/Arty/fpga/fpga/fpga.hw/backup/hw_ila_data_1.ila. Use Tcl command 'read_hw_ila_data' or Vivado File->Import->Import ILA Data menu item to import the previously saved data.
run_hw_ila [get_hw_ilas -of_objects [get_hw_devices xc7a100t_0] -filter {CELL_NAME=~"u_ila_0"}]
INFO: [Labtools 27-1964] The ILA core 'hw_ila_1' trigger was armed at 2024-Oct-22 23:34:05
wait_on_hw_ila [get_hw_ilas -of_objects [get_hw_devices xc7a100t_0] -filter {CELL_NAME=~"u_ila_0"}]
display_hw_ila_data [upload_hw_ila_data [get_hw_ilas -of_objects [get_hw_devices xc7a100t_0] -filter {CELL_NAME=~"u_ila_0"}]]
INFO: [Labtools 27-1966] The ILA core 'hw_ila_1' triggered at 2024-Oct-22 23:34:05
INFO: [Labtools 27-3304] ILA Waveform data saved to file /home/casager/repos/verilog-ethernet/example/Arty/fpga/fpga/fpga.hw/backup/hw_ila_data_1.ila. Use Tcl command 'read_hw_ila_data' or Vivado File->Import->Import ILA Data menu item to import the previously saved data.
run_hw_ila [get_hw_ilas -of_objects [get_hw_devices xc7a100t_0] -filter {CELL_NAME=~"u_ila_0"}]
INFO: [Labtools 27-1964] The ILA core 'hw_ila_1' trigger was armed at 2024-Oct-22 23:34:09
wait_on_hw_ila [get_hw_ilas -of_objects [get_hw_devices xc7a100t_0] -filter {CELL_NAME=~"u_ila_0"}]
display_hw_ila_data [upload_hw_ila_data [get_hw_ilas -of_objects [get_hw_devices xc7a100t_0] -filter {CELL_NAME=~"u_ila_0"}]]
INFO: [Labtools 27-1966] The ILA core 'hw_ila_1' triggered at 2024-Oct-22 23:34:09
INFO: [Labtools 27-3304] ILA Waveform data saved to file /home/casager/repos/verilog-ethernet/example/Arty/fpga/fpga/fpga.hw/backup/hw_ila_data_1.ila. Use Tcl command 'read_hw_ila_data' or Vivado File->Import->Import ILA Data menu item to import the previously saved data.
run_hw_ila [get_hw_ilas -of_objects [get_hw_devices xc7a100t_0] -filter {CELL_NAME=~"u_ila_0"}]
INFO: [Labtools 27-1964] The ILA core 'hw_ila_1' trigger was armed at 2024-Oct-22 23:34:12
wait_on_hw_ila [get_hw_ilas -of_objects [get_hw_devices xc7a100t_0] -filter {CELL_NAME=~"u_ila_0"}]
display_hw_ila_data [upload_hw_ila_data [get_hw_ilas -of_objects [get_hw_devices xc7a100t_0] -filter {CELL_NAME=~"u_ila_0"}]]
INFO: [Labtools 27-1966] The ILA core 'hw_ila_1' triggered at 2024-Oct-22 23:34:12
INFO: [Labtools 27-3304] ILA Waveform data saved to file /home/casager/repos/verilog-ethernet/example/Arty/fpga/fpga/fpga.hw/backup/hw_ila_data_1.ila. Use Tcl command 'read_hw_ila_data' or Vivado File->Import->Import ILA Data menu item to import the previously saved data.
run_hw_ila [get_hw_ilas -of_objects [get_hw_devices xc7a100t_0] -filter {CELL_NAME=~"u_ila_0"}]
INFO: [Labtools 27-1964] The ILA core 'hw_ila_1' trigger was armed at 2024-Oct-22 23:34:15
wait_on_hw_ila [get_hw_ilas -of_objects [get_hw_devices xc7a100t_0] -filter {CELL_NAME=~"u_ila_0"}]
display_hw_ila_data [upload_hw_ila_data [get_hw_ilas -of_objects [get_hw_devices xc7a100t_0] -filter {CELL_NAME=~"u_ila_0"}]]
INFO: [Labtools 27-1966] The ILA core 'hw_ila_1' triggered at 2024-Oct-22 23:34:15
INFO: [Labtools 27-3304] ILA Waveform data saved to file /home/casager/repos/verilog-ethernet/example/Arty/fpga/fpga/fpga.hw/backup/hw_ila_data_1.ila. Use Tcl command 'read_hw_ila_data' or Vivado File->Import->Import ILA Data menu item to import the previously saved data.
run_hw_ila [get_hw_ilas -of_objects [get_hw_devices xc7a100t_0] -filter {CELL_NAME=~"u_ila_0"}]
INFO: [Labtools 27-1964] The ILA core 'hw_ila_1' trigger was armed at 2024-Oct-22 23:34:18
wait_on_hw_ila [get_hw_ilas -of_objects [get_hw_devices xc7a100t_0] -filter {CELL_NAME=~"u_ila_0"}]
display_hw_ila_data [upload_hw_ila_data [get_hw_ilas -of_objects [get_hw_devices xc7a100t_0] -filter {CELL_NAME=~"u_ila_0"}]]
INFO: [Labtools 27-1966] The ILA core 'hw_ila_1' triggered at 2024-Oct-22 23:34:18
INFO: [Labtools 27-3304] ILA Waveform data saved to file /home/casager/repos/verilog-ethernet/example/Arty/fpga/fpga/fpga.hw/backup/hw_ila_data_1.ila. Use Tcl command 'read_hw_ila_data' or Vivado File->Import->Import ILA Data menu item to import the previously saved data.
run_hw_ila [get_hw_ilas -of_objects [get_hw_devices xc7a100t_0] -filter {CELL_NAME=~"u_ila_0"}]
INFO: [Labtools 27-1964] The ILA core 'hw_ila_1' trigger was armed at 2024-Oct-22 23:34:22
wait_on_hw_ila [get_hw_ilas -of_objects [get_hw_devices xc7a100t_0] -filter {CELL_NAME=~"u_ila_0"}]
display_hw_ila_data [upload_hw_ila_data [get_hw_ilas -of_objects [get_hw_devices xc7a100t_0] -filter {CELL_NAME=~"u_ila_0"}]]
INFO: [Labtools 27-1966] The ILA core 'hw_ila_1' triggered at 2024-Oct-22 23:34:22
INFO: [Labtools 27-3304] ILA Waveform data saved to file /home/casager/repos/verilog-ethernet/example/Arty/fpga/fpga/fpga.hw/backup/hw_ila_data_1.ila. Use Tcl command 'read_hw_ila_data' or Vivado File->Import->Import ILA Data menu item to import the previously saved data.
run_hw_ila [get_hw_ilas -of_objects [get_hw_devices xc7a100t_0] -filter {CELL_NAME=~"u_ila_0"}]
INFO: [Labtools 27-1964] The ILA core 'hw_ila_1' trigger was armed at 2024-Oct-22 23:34:25
wait_on_hw_ila [get_hw_ilas -of_objects [get_hw_devices xc7a100t_0] -filter {CELL_NAME=~"u_ila_0"}]
display_hw_ila_data [upload_hw_ila_data [get_hw_ilas -of_objects [get_hw_devices xc7a100t_0] -filter {CELL_NAME=~"u_ila_0"}]]
INFO: [Labtools 27-1966] The ILA core 'hw_ila_1' triggered at 2024-Oct-22 23:34:25
INFO: [Labtools 27-3304] ILA Waveform data saved to file /home/casager/repos/verilog-ethernet/example/Arty/fpga/fpga/fpga.hw/backup/hw_ila_data_1.ila. Use Tcl command 'read_hw_ila_data' or Vivado File->Import->Import ILA Data menu item to import the previously saved data.
run_hw_ila [get_hw_ilas -of_objects [get_hw_devices xc7a100t_0] -filter {CELL_NAME=~"u_ila_0"}]
INFO: [Labtools 27-1964] The ILA core 'hw_ila_1' trigger was armed at 2024-Oct-22 23:34:28
wait_on_hw_ila [get_hw_ilas -of_objects [get_hw_devices xc7a100t_0] -filter {CELL_NAME=~"u_ila_0"}]
display_hw_ila_data [upload_hw_ila_data [get_hw_ilas -of_objects [get_hw_devices xc7a100t_0] -filter {CELL_NAME=~"u_ila_0"}]]
INFO: [Labtools 27-1966] The ILA core 'hw_ila_1' triggered at 2024-Oct-22 23:34:28
INFO: [Labtools 27-3304] ILA Waveform data saved to file /home/casager/repos/verilog-ethernet/example/Arty/fpga/fpga/fpga.hw/backup/hw_ila_data_1.ila. Use Tcl command 'read_hw_ila_data' or Vivado File->Import->Import ILA Data menu item to import the previously saved data.
run_hw_ila [get_hw_ilas -of_objects [get_hw_devices xc7a100t_0] -filter {CELL_NAME=~"u_ila_0"}]
INFO: [Labtools 27-1964] The ILA core 'hw_ila_1' trigger was armed at 2024-Oct-22 23:34:32
wait_on_hw_ila [get_hw_ilas -of_objects [get_hw_devices xc7a100t_0] -filter {CELL_NAME=~"u_ila_0"}]
display_hw_ila_data [upload_hw_ila_data [get_hw_ilas -of_objects [get_hw_devices xc7a100t_0] -filter {CELL_NAME=~"u_ila_0"}]]
INFO: [Labtools 27-1966] The ILA core 'hw_ila_1' triggered at 2024-Oct-22 23:34:32
INFO: [Labtools 27-3304] ILA Waveform data saved to file /home/casager/repos/verilog-ethernet/example/Arty/fpga/fpga/fpga.hw/backup/hw_ila_data_1.ila. Use Tcl command 'read_hw_ila_data' or Vivado File->Import->Import ILA Data menu item to import the previously saved data.
run_hw_ila [get_hw_ilas -of_objects [get_hw_devices xc7a100t_0] -filter {CELL_NAME=~"u_ila_0"}]
INFO: [Labtools 27-1964] The ILA core 'hw_ila_1' trigger was armed at 2024-Oct-22 23:34:35
wait_on_hw_ila [get_hw_ilas -of_objects [get_hw_devices xc7a100t_0] -filter {CELL_NAME=~"u_ila_0"}]
display_hw_ila_data [upload_hw_ila_data [get_hw_ilas -of_objects [get_hw_devices xc7a100t_0] -filter {CELL_NAME=~"u_ila_0"}]]
INFO: [Labtools 27-1966] The ILA core 'hw_ila_1' triggered at 2024-Oct-22 23:34:35
INFO: [Labtools 27-3304] ILA Waveform data saved to file /home/casager/repos/verilog-ethernet/example/Arty/fpga/fpga/fpga.hw/backup/hw_ila_data_1.ila. Use Tcl command 'read_hw_ila_data' or Vivado File->Import->Import ILA Data menu item to import the previously saved data.
run_hw_ila [get_hw_ilas -of_objects [get_hw_devices xc7a100t_0] -filter {CELL_NAME=~"u_ila_0"}]
INFO: [Labtools 27-1964] The ILA core 'hw_ila_1' trigger was armed at 2024-Oct-22 23:34:38
wait_on_hw_ila [get_hw_ilas -of_objects [get_hw_devices xc7a100t_0] -filter {CELL_NAME=~"u_ila_0"}]
display_hw_ila_data [upload_hw_ila_data [get_hw_ilas -of_objects [get_hw_devices xc7a100t_0] -filter {CELL_NAME=~"u_ila_0"}]]
INFO: [Labtools 27-1966] The ILA core 'hw_ila_1' triggered at 2024-Oct-22 23:34:38
INFO: [Labtools 27-3304] ILA Waveform data saved to file /home/casager/repos/verilog-ethernet/example/Arty/fpga/fpga/fpga.hw/backup/hw_ila_data_1.ila. Use Tcl command 'read_hw_ila_data' or Vivado File->Import->Import ILA Data menu item to import the previously saved data.
run_hw_ila [get_hw_ilas -of_objects [get_hw_devices xc7a100t_0] -filter {CELL_NAME=~"u_ila_0"}]
INFO: [Labtools 27-1964] The ILA core 'hw_ila_1' trigger was armed at 2024-Oct-22 23:34:42
wait_on_hw_ila [get_hw_ilas -of_objects [get_hw_devices xc7a100t_0] -filter {CELL_NAME=~"u_ila_0"}]
display_hw_ila_data [upload_hw_ila_data [get_hw_ilas -of_objects [get_hw_devices xc7a100t_0] -filter {CELL_NAME=~"u_ila_0"}]]
INFO: [Labtools 27-1966] The ILA core 'hw_ila_1' triggered at 2024-Oct-22 23:34:42
INFO: [Labtools 27-3304] ILA Waveform data saved to file /home/casager/repos/verilog-ethernet/example/Arty/fpga/fpga/fpga.hw/backup/hw_ila_data_1.ila. Use Tcl command 'read_hw_ila_data' or Vivado File->Import->Import ILA Data menu item to import the previously saved data.
run_hw_ila [get_hw_ilas -of_objects [get_hw_devices xc7a100t_0] -filter {CELL_NAME=~"u_ila_0"}]
INFO: [Labtools 27-1964] The ILA core 'hw_ila_1' trigger was armed at 2024-Oct-22 23:34:45
wait_on_hw_ila [get_hw_ilas -of_objects [get_hw_devices xc7a100t_0] -filter {CELL_NAME=~"u_ila_0"}]
display_hw_ila_data [upload_hw_ila_data [get_hw_ilas -of_objects [get_hw_devices xc7a100t_0] -filter {CELL_NAME=~"u_ila_0"}]]
INFO: [Labtools 27-1966] The ILA core 'hw_ila_1' triggered at 2024-Oct-22 23:34:45
INFO: [Labtools 27-3304] ILA Waveform data saved to file /home/casager/repos/verilog-ethernet/example/Arty/fpga/fpga/fpga.hw/backup/hw_ila_data_1.ila. Use Tcl command 'read_hw_ila_data' or Vivado File->Import->Import ILA Data menu item to import the previously saved data.
run_hw_ila [get_hw_ilas -of_objects [get_hw_devices xc7a100t_0] -filter {CELL_NAME=~"u_ila_0"}]
INFO: [Labtools 27-1964] The ILA core 'hw_ila_1' trigger was armed at 2024-Oct-22 23:34:48
wait_on_hw_ila [get_hw_ilas -of_objects [get_hw_devices xc7a100t_0] -filter {CELL_NAME=~"u_ila_0"}]
display_hw_ila_data [upload_hw_ila_data [get_hw_ilas -of_objects [get_hw_devices xc7a100t_0] -filter {CELL_NAME=~"u_ila_0"}]]
INFO: [Labtools 27-1966] The ILA core 'hw_ila_1' triggered at 2024-Oct-22 23:34:48
INFO: [Labtools 27-3304] ILA Waveform data saved to file /home/casager/repos/verilog-ethernet/example/Arty/fpga/fpga/fpga.hw/backup/hw_ila_data_1.ila. Use Tcl command 'read_hw_ila_data' or Vivado File->Import->Import ILA Data menu item to import the previously saved data.
run_hw_ila [get_hw_ilas -of_objects [get_hw_devices xc7a100t_0] -filter {CELL_NAME=~"u_ila_0"}]
INFO: [Labtools 27-1964] The ILA core 'hw_ila_1' trigger was armed at 2024-Oct-22 23:34:52
wait_on_hw_ila [get_hw_ilas -of_objects [get_hw_devices xc7a100t_0] -filter {CELL_NAME=~"u_ila_0"}]
display_hw_ila_data [upload_hw_ila_data [get_hw_ilas -of_objects [get_hw_devices xc7a100t_0] -filter {CELL_NAME=~"u_ila_0"}]]
INFO: [Labtools 27-1966] The ILA core 'hw_ila_1' triggered at 2024-Oct-22 23:34:52
INFO: [Labtools 27-3304] ILA Waveform data saved to file /home/casager/repos/verilog-ethernet/example/Arty/fpga/fpga/fpga.hw/backup/hw_ila_data_1.ila. Use Tcl command 'read_hw_ila_data' or Vivado File->Import->Import ILA Data menu item to import the previously saved data.
run_hw_ila [get_hw_ilas -of_objects [get_hw_devices xc7a100t_0] -filter {CELL_NAME=~"u_ila_0"}]
INFO: [Labtools 27-1964] The ILA core 'hw_ila_1' trigger was armed at 2024-Oct-22 23:34:55
wait_on_hw_ila [get_hw_ilas -of_objects [get_hw_devices xc7a100t_0] -filter {CELL_NAME=~"u_ila_0"}]
display_hw_ila_data [upload_hw_ila_data [get_hw_ilas -of_objects [get_hw_devices xc7a100t_0] -filter {CELL_NAME=~"u_ila_0"}]]
INFO: [Labtools 27-1966] The ILA core 'hw_ila_1' triggered at 2024-Oct-22 23:34:55
INFO: [Labtools 27-3304] ILA Waveform data saved to file /home/casager/repos/verilog-ethernet/example/Arty/fpga/fpga/fpga.hw/backup/hw_ila_data_1.ila. Use Tcl command 'read_hw_ila_data' or Vivado File->Import->Import ILA Data menu item to import the previously saved data.
run_hw_ila [get_hw_ilas -of_objects [get_hw_devices xc7a100t_0] -filter {CELL_NAME=~"u_ila_0"}]
INFO: [Labtools 27-1964] The ILA core 'hw_ila_1' trigger was armed at 2024-Oct-22 23:34:58
wait_on_hw_ila [get_hw_ilas -of_objects [get_hw_devices xc7a100t_0] -filter {CELL_NAME=~"u_ila_0"}]
display_hw_ila_data [upload_hw_ila_data [get_hw_ilas -of_objects [get_hw_devices xc7a100t_0] -filter {CELL_NAME=~"u_ila_0"}]]
INFO: [Labtools 27-1966] The ILA core 'hw_ila_1' triggered at 2024-Oct-22 23:34:58
INFO: [Labtools 27-3304] ILA Waveform data saved to file /home/casager/repos/verilog-ethernet/example/Arty/fpga/fpga/fpga.hw/backup/hw_ila_data_1.ila. Use Tcl command 'read_hw_ila_data' or Vivado File->Import->Import ILA Data menu item to import the previously saved data.
run_hw_ila [get_hw_ilas -of_objects [get_hw_devices xc7a100t_0] -filter {CELL_NAME=~"u_ila_0"}]
INFO: [Labtools 27-1964] The ILA core 'hw_ila_1' trigger was armed at 2024-Oct-22 23:35:01
wait_on_hw_ila [get_hw_ilas -of_objects [get_hw_devices xc7a100t_0] -filter {CELL_NAME=~"u_ila_0"}]
display_hw_ila_data [upload_hw_ila_data [get_hw_ilas -of_objects [get_hw_devices xc7a100t_0] -filter {CELL_NAME=~"u_ila_0"}]]
INFO: [Labtools 27-1966] The ILA core 'hw_ila_1' triggered at 2024-Oct-22 23:35:01
INFO: [Labtools 27-3304] ILA Waveform data saved to file /home/casager/repos/verilog-ethernet/example/Arty/fpga/fpga/fpga.hw/backup/hw_ila_data_1.ila. Use Tcl command 'read_hw_ila_data' or Vivado File->Import->Import ILA Data menu item to import the previously saved data.
run_hw_ila [get_hw_ilas -of_objects [get_hw_devices xc7a100t_0] -filter {CELL_NAME=~"u_ila_0"}]
INFO: [Labtools 27-1964] The ILA core 'hw_ila_1' trigger was armed at 2024-Oct-22 23:35:05
wait_on_hw_ila [get_hw_ilas -of_objects [get_hw_devices xc7a100t_0] -filter {CELL_NAME=~"u_ila_0"}]
display_hw_ila_data [upload_hw_ila_data [get_hw_ilas -of_objects [get_hw_devices xc7a100t_0] -filter {CELL_NAME=~"u_ila_0"}]]
INFO: [Labtools 27-1966] The ILA core 'hw_ila_1' triggered at 2024-Oct-22 23:35:05
INFO: [Labtools 27-3304] ILA Waveform data saved to file /home/casager/repos/verilog-ethernet/example/Arty/fpga/fpga/fpga.hw/backup/hw_ila_data_1.ila. Use Tcl command 'read_hw_ila_data' or Vivado File->Import->Import ILA Data menu item to import the previously saved data.
run_hw_ila [get_hw_ilas -of_objects [get_hw_devices xc7a100t_0] -filter {CELL_NAME=~"u_ila_0"}]
INFO: [Labtools 27-1964] The ILA core 'hw_ila_1' trigger was armed at 2024-Oct-22 23:35:08
wait_on_hw_ila [get_hw_ilas -of_objects [get_hw_devices xc7a100t_0] -filter {CELL_NAME=~"u_ila_0"}]
display_hw_ila_data [upload_hw_ila_data [get_hw_ilas -of_objects [get_hw_devices xc7a100t_0] -filter {CELL_NAME=~"u_ila_0"}]]
INFO: [Labtools 27-1966] The ILA core 'hw_ila_1' triggered at 2024-Oct-22 23:35:08
INFO: [Labtools 27-3304] ILA Waveform data saved to file /home/casager/repos/verilog-ethernet/example/Arty/fpga/fpga/fpga.hw/backup/hw_ila_data_1.ila. Use Tcl command 'read_hw_ila_data' or Vivado File->Import->Import ILA Data menu item to import the previously saved data.
run_hw_ila [get_hw_ilas -of_objects [get_hw_devices xc7a100t_0] -filter {CELL_NAME=~"u_ila_0"}]
INFO: [Labtools 27-1964] The ILA core 'hw_ila_1' trigger was armed at 2024-Oct-22 23:35:11
wait_on_hw_ila [get_hw_ilas -of_objects [get_hw_devices xc7a100t_0] -filter {CELL_NAME=~"u_ila_0"}]
display_hw_ila_data [upload_hw_ila_data [get_hw_ilas -of_objects [get_hw_devices xc7a100t_0] -filter {CELL_NAME=~"u_ila_0"}]]
INFO: [Labtools 27-1966] The ILA core 'hw_ila_1' triggered at 2024-Oct-22 23:35:11
INFO: [Labtools 27-3304] ILA Waveform data saved to file /home/casager/repos/verilog-ethernet/example/Arty/fpga/fpga/fpga.hw/backup/hw_ila_data_1.ila. Use Tcl command 'read_hw_ila_data' or Vivado File->Import->Import ILA Data menu item to import the previously saved data.
run_hw_ila [get_hw_ilas -of_objects [get_hw_devices xc7a100t_0] -filter {CELL_NAME=~"u_ila_0"}]
INFO: [Labtools 27-1964] The ILA core 'hw_ila_1' trigger was armed at 2024-Oct-22 23:35:15
wait_on_hw_ila [get_hw_ilas -of_objects [get_hw_devices xc7a100t_0] -filter {CELL_NAME=~"u_ila_0"}]
display_hw_ila_data [upload_hw_ila_data [get_hw_ilas -of_objects [get_hw_devices xc7a100t_0] -filter {CELL_NAME=~"u_ila_0"}]]
INFO: [Labtools 27-1966] The ILA core 'hw_ila_1' triggered at 2024-Oct-22 23:35:15
INFO: [Labtools 27-3304] ILA Waveform data saved to file /home/casager/repos/verilog-ethernet/example/Arty/fpga/fpga/fpga.hw/backup/hw_ila_data_1.ila. Use Tcl command 'read_hw_ila_data' or Vivado File->Import->Import ILA Data menu item to import the previously saved data.
run_hw_ila [get_hw_ilas -of_objects [get_hw_devices xc7a100t_0] -filter {CELL_NAME=~"u_ila_0"}]
INFO: [Labtools 27-1964] The ILA core 'hw_ila_1' trigger was armed at 2024-Oct-22 23:35:18
wait_on_hw_ila [get_hw_ilas -of_objects [get_hw_devices xc7a100t_0] -filter {CELL_NAME=~"u_ila_0"}]
display_hw_ila_data [upload_hw_ila_data [get_hw_ilas -of_objects [get_hw_devices xc7a100t_0] -filter {CELL_NAME=~"u_ila_0"}]]
INFO: [Labtools 27-1966] The ILA core 'hw_ila_1' triggered at 2024-Oct-22 23:35:18
INFO: [Labtools 27-3304] ILA Waveform data saved to file /home/casager/repos/verilog-ethernet/example/Arty/fpga/fpga/fpga.hw/backup/hw_ila_data_1.ila. Use Tcl command 'read_hw_ila_data' or Vivado File->Import->Import ILA Data menu item to import the previously saved data.
run_hw_ila [get_hw_ilas -of_objects [get_hw_devices xc7a100t_0] -filter {CELL_NAME=~"u_ila_0"}]
INFO: [Labtools 27-1964] The ILA core 'hw_ila_1' trigger was armed at 2024-Oct-22 23:35:21
wait_on_hw_ila [get_hw_ilas -of_objects [get_hw_devices xc7a100t_0] -filter {CELL_NAME=~"u_ila_0"}]
display_hw_ila_data [upload_hw_ila_data [get_hw_ilas -of_objects [get_hw_devices xc7a100t_0] -filter {CELL_NAME=~"u_ila_0"}]]
INFO: [Labtools 27-1966] The ILA core 'hw_ila_1' triggered at 2024-Oct-22 23:35:21
INFO: [Labtools 27-3304] ILA Waveform data saved to file /home/casager/repos/verilog-ethernet/example/Arty/fpga/fpga/fpga.hw/backup/hw_ila_data_1.ila. Use Tcl command 'read_hw_ila_data' or Vivado File->Import->Import ILA Data menu item to import the previously saved data.
run_hw_ila [get_hw_ilas -of_objects [get_hw_devices xc7a100t_0] -filter {CELL_NAME=~"u_ila_0"}]
INFO: [Labtools 27-1964] The ILA core 'hw_ila_1' trigger was armed at 2024-Oct-22 23:35:25
wait_on_hw_ila [get_hw_ilas -of_objects [get_hw_devices xc7a100t_0] -filter {CELL_NAME=~"u_ila_0"}]
display_hw_ila_data [upload_hw_ila_data [get_hw_ilas -of_objects [get_hw_devices xc7a100t_0] -filter {CELL_NAME=~"u_ila_0"}]]
INFO: [Labtools 27-1966] The ILA core 'hw_ila_1' triggered at 2024-Oct-22 23:35:25
INFO: [Labtools 27-3304] ILA Waveform data saved to file /home/casager/repos/verilog-ethernet/example/Arty/fpga/fpga/fpga.hw/backup/hw_ila_data_1.ila. Use Tcl command 'read_hw_ila_data' or Vivado File->Import->Import ILA Data menu item to import the previously saved data.
run_hw_ila [get_hw_ilas -of_objects [get_hw_devices xc7a100t_0] -filter {CELL_NAME=~"u_ila_0"}]
INFO: [Labtools 27-1964] The ILA core 'hw_ila_1' trigger was armed at 2024-Oct-22 23:35:28
wait_on_hw_ila [get_hw_ilas -of_objects [get_hw_devices xc7a100t_0] -filter {CELL_NAME=~"u_ila_0"}]
display_hw_ila_data [upload_hw_ila_data [get_hw_ilas -of_objects [get_hw_devices xc7a100t_0] -filter {CELL_NAME=~"u_ila_0"}]]
INFO: [Labtools 27-1966] The ILA core 'hw_ila_1' triggered at 2024-Oct-22 23:35:28
INFO: [Labtools 27-3304] ILA Waveform data saved to file /home/casager/repos/verilog-ethernet/example/Arty/fpga/fpga/fpga.hw/backup/hw_ila_data_1.ila. Use Tcl command 'read_hw_ila_data' or Vivado File->Import->Import ILA Data menu item to import the previously saved data.
run_hw_ila [get_hw_ilas -of_objects [get_hw_devices xc7a100t_0] -filter {CELL_NAME=~"u_ila_0"}]
INFO: [Labtools 27-1964] The ILA core 'hw_ila_1' trigger was armed at 2024-Oct-22 23:35:31
wait_on_hw_ila [get_hw_ilas -of_objects [get_hw_devices xc7a100t_0] -filter {CELL_NAME=~"u_ila_0"}]
display_hw_ila_data [upload_hw_ila_data [get_hw_ilas -of_objects [get_hw_devices xc7a100t_0] -filter {CELL_NAME=~"u_ila_0"}]]
INFO: [Labtools 27-1966] The ILA core 'hw_ila_1' triggered at 2024-Oct-22 23:35:31
INFO: [Labtools 27-3304] ILA Waveform data saved to file /home/casager/repos/verilog-ethernet/example/Arty/fpga/fpga/fpga.hw/backup/hw_ila_data_1.ila. Use Tcl command 'read_hw_ila_data' or Vivado File->Import->Import ILA Data menu item to import the previously saved data.
run_hw_ila [get_hw_ilas -of_objects [get_hw_devices xc7a100t_0] -filter {CELL_NAME=~"u_ila_0"}]
INFO: [Labtools 27-1964] The ILA core 'hw_ila_1' trigger was armed at 2024-Oct-22 23:35:34
wait_on_hw_ila [get_hw_ilas -of_objects [get_hw_devices xc7a100t_0] -filter {CELL_NAME=~"u_ila_0"}]
display_hw_ila_data [upload_hw_ila_data [get_hw_ilas -of_objects [get_hw_devices xc7a100t_0] -filter {CELL_NAME=~"u_ila_0"}]]
INFO: [Labtools 27-1966] The ILA core 'hw_ila_1' triggered at 2024-Oct-22 23:35:34
INFO: [Labtools 27-3304] ILA Waveform data saved to file /home/casager/repos/verilog-ethernet/example/Arty/fpga/fpga/fpga.hw/backup/hw_ila_data_1.ila. Use Tcl command 'read_hw_ila_data' or Vivado File->Import->Import ILA Data menu item to import the previously saved data.
run_hw_ila [get_hw_ilas -of_objects [get_hw_devices xc7a100t_0] -filter {CELL_NAME=~"u_ila_0"}]
INFO: [Labtools 27-1964] The ILA core 'hw_ila_1' trigger was armed at 2024-Oct-22 23:35:38
wait_on_hw_ila [get_hw_ilas -of_objects [get_hw_devices xc7a100t_0] -filter {CELL_NAME=~"u_ila_0"}]
display_hw_ila_data [upload_hw_ila_data [get_hw_ilas -of_objects [get_hw_devices xc7a100t_0] -filter {CELL_NAME=~"u_ila_0"}]]
INFO: [Labtools 27-1966] The ILA core 'hw_ila_1' triggered at 2024-Oct-22 23:35:38
INFO: [Labtools 27-3304] ILA Waveform data saved to file /home/casager/repos/verilog-ethernet/example/Arty/fpga/fpga/fpga.hw/backup/hw_ila_data_1.ila. Use Tcl command 'read_hw_ila_data' or Vivado File->Import->Import ILA Data menu item to import the previously saved data.
run_hw_ila [get_hw_ilas -of_objects [get_hw_devices xc7a100t_0] -filter {CELL_NAME=~"u_ila_0"}]
INFO: [Labtools 27-1964] The ILA core 'hw_ila_1' trigger was armed at 2024-Oct-22 23:35:41
wait_on_hw_ila [get_hw_ilas -of_objects [get_hw_devices xc7a100t_0] -filter {CELL_NAME=~"u_ila_0"}]
display_hw_ila_data [upload_hw_ila_data [get_hw_ilas -of_objects [get_hw_devices xc7a100t_0] -filter {CELL_NAME=~"u_ila_0"}]]
INFO: [Labtools 27-1966] The ILA core 'hw_ila_1' triggered at 2024-Oct-22 23:35:41
INFO: [Labtools 27-3304] ILA Waveform data saved to file /home/casager/repos/verilog-ethernet/example/Arty/fpga/fpga/fpga.hw/backup/hw_ila_data_1.ila. Use Tcl command 'read_hw_ila_data' or Vivado File->Import->Import ILA Data menu item to import the previously saved data.
run_hw_ila [get_hw_ilas -of_objects [get_hw_devices xc7a100t_0] -filter {CELL_NAME=~"u_ila_0"}]
INFO: [Labtools 27-1964] The ILA core 'hw_ila_1' trigger was armed at 2024-Oct-22 23:35:44
wait_on_hw_ila [get_hw_ilas -of_objects [get_hw_devices xc7a100t_0] -filter {CELL_NAME=~"u_ila_0"}]
display_hw_ila_data [upload_hw_ila_data [get_hw_ilas -of_objects [get_hw_devices xc7a100t_0] -filter {CELL_NAME=~"u_ila_0"}]]
INFO: [Labtools 27-1966] The ILA core 'hw_ila_1' triggered at 2024-Oct-22 23:35:44
INFO: [Labtools 27-3304] ILA Waveform data saved to file /home/casager/repos/verilog-ethernet/example/Arty/fpga/fpga/fpga.hw/backup/hw_ila_data_1.ila. Use Tcl command 'read_hw_ila_data' or Vivado File->Import->Import ILA Data menu item to import the previously saved data.
run_hw_ila [get_hw_ilas -of_objects [get_hw_devices xc7a100t_0] -filter {CELL_NAME=~"u_ila_0"}]
INFO: [Labtools 27-1964] The ILA core 'hw_ila_1' trigger was armed at 2024-Oct-22 23:35:48
wait_on_hw_ila [get_hw_ilas -of_objects [get_hw_devices xc7a100t_0] -filter {CELL_NAME=~"u_ila_0"}]
display_hw_ila_data [upload_hw_ila_data [get_hw_ilas -of_objects [get_hw_devices xc7a100t_0] -filter {CELL_NAME=~"u_ila_0"}]]
INFO: [Labtools 27-1966] The ILA core 'hw_ila_1' triggered at 2024-Oct-22 23:35:48
INFO: [Labtools 27-3304] ILA Waveform data saved to file /home/casager/repos/verilog-ethernet/example/Arty/fpga/fpga/fpga.hw/backup/hw_ila_data_1.ila. Use Tcl command 'read_hw_ila_data' or Vivado File->Import->Import ILA Data menu item to import the previously saved data.
run_hw_ila [get_hw_ilas -of_objects [get_hw_devices xc7a100t_0] -filter {CELL_NAME=~"u_ila_0"}]
INFO: [Labtools 27-1964] The ILA core 'hw_ila_1' trigger was armed at 2024-Oct-22 23:35:51
wait_on_hw_ila [get_hw_ilas -of_objects [get_hw_devices xc7a100t_0] -filter {CELL_NAME=~"u_ila_0"}]
display_hw_ila_data [upload_hw_ila_data [get_hw_ilas -of_objects [get_hw_devices xc7a100t_0] -filter {CELL_NAME=~"u_ila_0"}]]
INFO: [Labtools 27-1966] The ILA core 'hw_ila_1' triggered at 2024-Oct-22 23:35:51
INFO: [Labtools 27-3304] ILA Waveform data saved to file /home/casager/repos/verilog-ethernet/example/Arty/fpga/fpga/fpga.hw/backup/hw_ila_data_1.ila. Use Tcl command 'read_hw_ila_data' or Vivado File->Import->Import ILA Data menu item to import the previously saved data.
run_hw_ila [get_hw_ilas -of_objects [get_hw_devices xc7a100t_0] -filter {CELL_NAME=~"u_ila_0"}]
INFO: [Labtools 27-1964] The ILA core 'hw_ila_1' trigger was armed at 2024-Oct-22 23:35:54
wait_on_hw_ila [get_hw_ilas -of_objects [get_hw_devices xc7a100t_0] -filter {CELL_NAME=~"u_ila_0"}]
display_hw_ila_data [upload_hw_ila_data [get_hw_ilas -of_objects [get_hw_devices xc7a100t_0] -filter {CELL_NAME=~"u_ila_0"}]]
INFO: [Labtools 27-1966] The ILA core 'hw_ila_1' triggered at 2024-Oct-22 23:35:54
INFO: [Labtools 27-3304] ILA Waveform data saved to file /home/casager/repos/verilog-ethernet/example/Arty/fpga/fpga/fpga.hw/backup/hw_ila_data_1.ila. Use Tcl command 'read_hw_ila_data' or Vivado File->Import->Import ILA Data menu item to import the previously saved data.
run_hw_ila [get_hw_ilas -of_objects [get_hw_devices xc7a100t_0] -filter {CELL_NAME=~"u_ila_0"}]
INFO: [Labtools 27-1964] The ILA core 'hw_ila_1' trigger was armed at 2024-Oct-22 23:35:57
wait_on_hw_ila [get_hw_ilas -of_objects [get_hw_devices xc7a100t_0] -filter {CELL_NAME=~"u_ila_0"}]
display_hw_ila_data [upload_hw_ila_data [get_hw_ilas -of_objects [get_hw_devices xc7a100t_0] -filter {CELL_NAME=~"u_ila_0"}]]
INFO: [Labtools 27-1966] The ILA core 'hw_ila_1' triggered at 2024-Oct-22 23:35:57
INFO: [Labtools 27-3304] ILA Waveform data saved to file /home/casager/repos/verilog-ethernet/example/Arty/fpga/fpga/fpga.hw/backup/hw_ila_data_1.ila. Use Tcl command 'read_hw_ila_data' or Vivado File->Import->Import ILA Data menu item to import the previously saved data.
run_hw_ila [get_hw_ilas -of_objects [get_hw_devices xc7a100t_0] -filter {CELL_NAME=~"u_ila_0"}]
INFO: [Labtools 27-1964] The ILA core 'hw_ila_1' trigger was armed at 2024-Oct-22 23:36:01
wait_on_hw_ila [get_hw_ilas -of_objects [get_hw_devices xc7a100t_0] -filter {CELL_NAME=~"u_ila_0"}]
display_hw_ila_data [upload_hw_ila_data [get_hw_ilas -of_objects [get_hw_devices xc7a100t_0] -filter {CELL_NAME=~"u_ila_0"}]]
INFO: [Labtools 27-1966] The ILA core 'hw_ila_1' triggered at 2024-Oct-22 23:36:01
INFO: [Labtools 27-3304] ILA Waveform data saved to file /home/casager/repos/verilog-ethernet/example/Arty/fpga/fpga/fpga.hw/backup/hw_ila_data_1.ila. Use Tcl command 'read_hw_ila_data' or Vivado File->Import->Import ILA Data menu item to import the previously saved data.
run_hw_ila [get_hw_ilas -of_objects [get_hw_devices xc7a100t_0] -filter {CELL_NAME=~"u_ila_0"}]
INFO: [Labtools 27-1964] The ILA core 'hw_ila_1' trigger was armed at 2024-Oct-22 23:36:04
wait_on_hw_ila [get_hw_ilas -of_objects [get_hw_devices xc7a100t_0] -filter {CELL_NAME=~"u_ila_0"}]
display_hw_ila_data [upload_hw_ila_data [get_hw_ilas -of_objects [get_hw_devices xc7a100t_0] -filter {CELL_NAME=~"u_ila_0"}]]
INFO: [Labtools 27-1966] The ILA core 'hw_ila_1' triggered at 2024-Oct-22 23:36:04
INFO: [Labtools 27-3304] ILA Waveform data saved to file /home/casager/repos/verilog-ethernet/example/Arty/fpga/fpga/fpga.hw/backup/hw_ila_data_1.ila. Use Tcl command 'read_hw_ila_data' or Vivado File->Import->Import ILA Data menu item to import the previously saved data.
run_hw_ila [get_hw_ilas -of_objects [get_hw_devices xc7a100t_0] -filter {CELL_NAME=~"u_ila_0"}]
INFO: [Labtools 27-1964] The ILA core 'hw_ila_1' trigger was armed at 2024-Oct-22 23:36:07
wait_on_hw_ila [get_hw_ilas -of_objects [get_hw_devices xc7a100t_0] -filter {CELL_NAME=~"u_ila_0"}]
display_hw_ila_data [upload_hw_ila_data [get_hw_ilas -of_objects [get_hw_devices xc7a100t_0] -filter {CELL_NAME=~"u_ila_0"}]]
INFO: [Labtools 27-1966] The ILA core 'hw_ila_1' triggered at 2024-Oct-22 23:36:07
INFO: [Labtools 27-3304] ILA Waveform data saved to file /home/casager/repos/verilog-ethernet/example/Arty/fpga/fpga/fpga.hw/backup/hw_ila_data_1.ila. Use Tcl command 'read_hw_ila_data' or Vivado File->Import->Import ILA Data menu item to import the previously saved data.
run_hw_ila [get_hw_ilas -of_objects [get_hw_devices xc7a100t_0] -filter {CELL_NAME=~"u_ila_0"}]
INFO: [Labtools 27-1964] The ILA core 'hw_ila_1' trigger was armed at 2024-Oct-22 23:36:11
wait_on_hw_ila [get_hw_ilas -of_objects [get_hw_devices xc7a100t_0] -filter {CELL_NAME=~"u_ila_0"}]
display_hw_ila_data [upload_hw_ila_data [get_hw_ilas -of_objects [get_hw_devices xc7a100t_0] -filter {CELL_NAME=~"u_ila_0"}]]
INFO: [Labtools 27-1966] The ILA core 'hw_ila_1' triggered at 2024-Oct-22 23:36:11
INFO: [Labtools 27-3304] ILA Waveform data saved to file /home/casager/repos/verilog-ethernet/example/Arty/fpga/fpga/fpga.hw/backup/hw_ila_data_1.ila. Use Tcl command 'read_hw_ila_data' or Vivado File->Import->Import ILA Data menu item to import the previously saved data.
run_hw_ila [get_hw_ilas -of_objects [get_hw_devices xc7a100t_0] -filter {CELL_NAME=~"u_ila_0"}]
INFO: [Labtools 27-1964] The ILA core 'hw_ila_1' trigger was armed at 2024-Oct-22 23:36:14
wait_on_hw_ila [get_hw_ilas -of_objects [get_hw_devices xc7a100t_0] -filter {CELL_NAME=~"u_ila_0"}]
display_hw_ila_data [upload_hw_ila_data [get_hw_ilas -of_objects [get_hw_devices xc7a100t_0] -filter {CELL_NAME=~"u_ila_0"}]]
INFO: [Labtools 27-1966] The ILA core 'hw_ila_1' triggered at 2024-Oct-22 23:36:14
INFO: [Labtools 27-3304] ILA Waveform data saved to file /home/casager/repos/verilog-ethernet/example/Arty/fpga/fpga/fpga.hw/backup/hw_ila_data_1.ila. Use Tcl command 'read_hw_ila_data' or Vivado File->Import->Import ILA Data menu item to import the previously saved data.
run_hw_ila [get_hw_ilas -of_objects [get_hw_devices xc7a100t_0] -filter {CELL_NAME=~"u_ila_0"}]
INFO: [Labtools 27-1964] The ILA core 'hw_ila_1' trigger was armed at 2024-Oct-22 23:36:17
wait_on_hw_ila [get_hw_ilas -of_objects [get_hw_devices xc7a100t_0] -filter {CELL_NAME=~"u_ila_0"}]
display_hw_ila_data [upload_hw_ila_data [get_hw_ilas -of_objects [get_hw_devices xc7a100t_0] -filter {CELL_NAME=~"u_ila_0"}]]
INFO: [Labtools 27-1966] The ILA core 'hw_ila_1' triggered at 2024-Oct-22 23:36:17
INFO: [Labtools 27-3304] ILA Waveform data saved to file /home/casager/repos/verilog-ethernet/example/Arty/fpga/fpga/fpga.hw/backup/hw_ila_data_1.ila. Use Tcl command 'read_hw_ila_data' or Vivado File->Import->Import ILA Data menu item to import the previously saved data.
run_hw_ila [get_hw_ilas -of_objects [get_hw_devices xc7a100t_0] -filter {CELL_NAME=~"u_ila_0"}]
INFO: [Labtools 27-1964] The ILA core 'hw_ila_1' trigger was armed at 2024-Oct-22 23:36:21
wait_on_hw_ila [get_hw_ilas -of_objects [get_hw_devices xc7a100t_0] -filter {CELL_NAME=~"u_ila_0"}]
display_hw_ila_data [upload_hw_ila_data [get_hw_ilas -of_objects [get_hw_devices xc7a100t_0] -filter {CELL_NAME=~"u_ila_0"}]]
INFO: [Labtools 27-1966] The ILA core 'hw_ila_1' triggered at 2024-Oct-22 23:36:21
INFO: [Labtools 27-3304] ILA Waveform data saved to file /home/casager/repos/verilog-ethernet/example/Arty/fpga/fpga/fpga.hw/backup/hw_ila_data_1.ila. Use Tcl command 'read_hw_ila_data' or Vivado File->Import->Import ILA Data menu item to import the previously saved data.
run_hw_ila [get_hw_ilas -of_objects [get_hw_devices xc7a100t_0] -filter {CELL_NAME=~"u_ila_0"}]
INFO: [Labtools 27-1964] The ILA core 'hw_ila_1' trigger was armed at 2024-Oct-22 23:36:24
wait_on_hw_ila [get_hw_ilas -of_objects [get_hw_devices xc7a100t_0] -filter {CELL_NAME=~"u_ila_0"}]
display_hw_ila_data [upload_hw_ila_data [get_hw_ilas -of_objects [get_hw_devices xc7a100t_0] -filter {CELL_NAME=~"u_ila_0"}]]
INFO: [Labtools 27-1966] The ILA core 'hw_ila_1' triggered at 2024-Oct-22 23:36:24
INFO: [Labtools 27-3304] ILA Waveform data saved to file /home/casager/repos/verilog-ethernet/example/Arty/fpga/fpga/fpga.hw/backup/hw_ila_data_1.ila. Use Tcl command 'read_hw_ila_data' or Vivado File->Import->Import ILA Data menu item to import the previously saved data.
run_hw_ila [get_hw_ilas -of_objects [get_hw_devices xc7a100t_0] -filter {CELL_NAME=~"u_ila_0"}]
INFO: [Labtools 27-1964] The ILA core 'hw_ila_1' trigger was armed at 2024-Oct-22 23:36:27
wait_on_hw_ila [get_hw_ilas -of_objects [get_hw_devices xc7a100t_0] -filter {CELL_NAME=~"u_ila_0"}]
display_hw_ila_data [upload_hw_ila_data [get_hw_ilas -of_objects [get_hw_devices xc7a100t_0] -filter {CELL_NAME=~"u_ila_0"}]]
INFO: [Labtools 27-1966] The ILA core 'hw_ila_1' triggered at 2024-Oct-22 23:36:27
INFO: [Labtools 27-3304] ILA Waveform data saved to file /home/casager/repos/verilog-ethernet/example/Arty/fpga/fpga/fpga.hw/backup/hw_ila_data_1.ila. Use Tcl command 'read_hw_ila_data' or Vivado File->Import->Import ILA Data menu item to import the previously saved data.
run_hw_ila [get_hw_ilas -of_objects [get_hw_devices xc7a100t_0] -filter {CELL_NAME=~"u_ila_0"}]
INFO: [Labtools 27-1964] The ILA core 'hw_ila_1' trigger was armed at 2024-Oct-22 23:36:30
wait_on_hw_ila [get_hw_ilas -of_objects [get_hw_devices xc7a100t_0] -filter {CELL_NAME=~"u_ila_0"}]
display_hw_ila_data [upload_hw_ila_data [get_hw_ilas -of_objects [get_hw_devices xc7a100t_0] -filter {CELL_NAME=~"u_ila_0"}]]
INFO: [Labtools 27-1966] The ILA core 'hw_ila_1' triggered at 2024-Oct-22 23:36:30
INFO: [Labtools 27-3304] ILA Waveform data saved to file /home/casager/repos/verilog-ethernet/example/Arty/fpga/fpga/fpga.hw/backup/hw_ila_data_1.ila. Use Tcl command 'read_hw_ila_data' or Vivado File->Import->Import ILA Data menu item to import the previously saved data.
run_hw_ila [get_hw_ilas -of_objects [get_hw_devices xc7a100t_0] -filter {CELL_NAME=~"u_ila_0"}]
INFO: [Labtools 27-1964] The ILA core 'hw_ila_1' trigger was armed at 2024-Oct-22 23:36:34
wait_on_hw_ila [get_hw_ilas -of_objects [get_hw_devices xc7a100t_0] -filter {CELL_NAME=~"u_ila_0"}]
display_hw_ila_data [upload_hw_ila_data [get_hw_ilas -of_objects [get_hw_devices xc7a100t_0] -filter {CELL_NAME=~"u_ila_0"}]]
INFO: [Labtools 27-1966] The ILA core 'hw_ila_1' triggered at 2024-Oct-22 23:36:34
INFO: [Labtools 27-3304] ILA Waveform data saved to file /home/casager/repos/verilog-ethernet/example/Arty/fpga/fpga/fpga.hw/backup/hw_ila_data_1.ila. Use Tcl command 'read_hw_ila_data' or Vivado File->Import->Import ILA Data menu item to import the previously saved data.
run_hw_ila [get_hw_ilas -of_objects [get_hw_devices xc7a100t_0] -filter {CELL_NAME=~"u_ila_0"}]
INFO: [Labtools 27-1964] The ILA core 'hw_ila_1' trigger was armed at 2024-Oct-22 23:36:37
wait_on_hw_ila [get_hw_ilas -of_objects [get_hw_devices xc7a100t_0] -filter {CELL_NAME=~"u_ila_0"}]
display_hw_ila_data [upload_hw_ila_data [get_hw_ilas -of_objects [get_hw_devices xc7a100t_0] -filter {CELL_NAME=~"u_ila_0"}]]
INFO: [Labtools 27-1966] The ILA core 'hw_ila_1' triggered at 2024-Oct-22 23:36:37
INFO: [Labtools 27-3304] ILA Waveform data saved to file /home/casager/repos/verilog-ethernet/example/Arty/fpga/fpga/fpga.hw/backup/hw_ila_data_1.ila. Use Tcl command 'read_hw_ila_data' or Vivado File->Import->Import ILA Data menu item to import the previously saved data.
run_hw_ila [get_hw_ilas -of_objects [get_hw_devices xc7a100t_0] -filter {CELL_NAME=~"u_ila_0"}]
INFO: [Labtools 27-1964] The ILA core 'hw_ila_1' trigger was armed at 2024-Oct-22 23:36:40
wait_on_hw_ila [get_hw_ilas -of_objects [get_hw_devices xc7a100t_0] -filter {CELL_NAME=~"u_ila_0"}]
display_hw_ila_data [upload_hw_ila_data [get_hw_ilas -of_objects [get_hw_devices xc7a100t_0] -filter {CELL_NAME=~"u_ila_0"}]]
INFO: [Labtools 27-1966] The ILA core 'hw_ila_1' triggered at 2024-Oct-22 23:36:40
INFO: [Labtools 27-3304] ILA Waveform data saved to file /home/casager/repos/verilog-ethernet/example/Arty/fpga/fpga/fpga.hw/backup/hw_ila_data_1.ila. Use Tcl command 'read_hw_ila_data' or Vivado File->Import->Import ILA Data menu item to import the previously saved data.
run_hw_ila [get_hw_ilas -of_objects [get_hw_devices xc7a100t_0] -filter {CELL_NAME=~"u_ila_0"}]
INFO: [Labtools 27-1964] The ILA core 'hw_ila_1' trigger was armed at 2024-Oct-22 23:36:44
wait_on_hw_ila [get_hw_ilas -of_objects [get_hw_devices xc7a100t_0] -filter {CELL_NAME=~"u_ila_0"}]
display_hw_ila_data [upload_hw_ila_data [get_hw_ilas -of_objects [get_hw_devices xc7a100t_0] -filter {CELL_NAME=~"u_ila_0"}]]
INFO: [Labtools 27-1966] The ILA core 'hw_ila_1' triggered at 2024-Oct-22 23:36:44
INFO: [Labtools 27-3304] ILA Waveform data saved to file /home/casager/repos/verilog-ethernet/example/Arty/fpga/fpga/fpga.hw/backup/hw_ila_data_1.ila. Use Tcl command 'read_hw_ila_data' or Vivado File->Import->Import ILA Data menu item to import the previously saved data.
run_hw_ila [get_hw_ilas -of_objects [get_hw_devices xc7a100t_0] -filter {CELL_NAME=~"u_ila_0"}]
INFO: [Labtools 27-1964] The ILA core 'hw_ila_1' trigger was armed at 2024-Oct-22 23:36:47
wait_on_hw_ila [get_hw_ilas -of_objects [get_hw_devices xc7a100t_0] -filter {CELL_NAME=~"u_ila_0"}]
display_hw_ila_data [upload_hw_ila_data [get_hw_ilas -of_objects [get_hw_devices xc7a100t_0] -filter {CELL_NAME=~"u_ila_0"}]]
INFO: [Labtools 27-1966] The ILA core 'hw_ila_1' triggered at 2024-Oct-22 23:36:47
INFO: [Labtools 27-3304] ILA Waveform data saved to file /home/casager/repos/verilog-ethernet/example/Arty/fpga/fpga/fpga.hw/backup/hw_ila_data_1.ila. Use Tcl command 'read_hw_ila_data' or Vivado File->Import->Import ILA Data menu item to import the previously saved data.
run_hw_ila [get_hw_ilas -of_objects [get_hw_devices xc7a100t_0] -filter {CELL_NAME=~"u_ila_0"}]
INFO: [Labtools 27-1964] The ILA core 'hw_ila_1' trigger was armed at 2024-Oct-22 23:36:50
wait_on_hw_ila [get_hw_ilas -of_objects [get_hw_devices xc7a100t_0] -filter {CELL_NAME=~"u_ila_0"}]
display_hw_ila_data [upload_hw_ila_data [get_hw_ilas -of_objects [get_hw_devices xc7a100t_0] -filter {CELL_NAME=~"u_ila_0"}]]
INFO: [Labtools 27-1966] The ILA core 'hw_ila_1' triggered at 2024-Oct-22 23:36:50
INFO: [Labtools 27-3304] ILA Waveform data saved to file /home/casager/repos/verilog-ethernet/example/Arty/fpga/fpga/fpga.hw/backup/hw_ila_data_1.ila. Use Tcl command 'read_hw_ila_data' or Vivado File->Import->Import ILA Data menu item to import the previously saved data.
run_hw_ila [get_hw_ilas -of_objects [get_hw_devices xc7a100t_0] -filter {CELL_NAME=~"u_ila_0"}]
INFO: [Labtools 27-1964] The ILA core 'hw_ila_1' trigger was armed at 2024-Oct-22 23:36:54
wait_on_hw_ila [get_hw_ilas -of_objects [get_hw_devices xc7a100t_0] -filter {CELL_NAME=~"u_ila_0"}]
display_hw_ila_data [upload_hw_ila_data [get_hw_ilas -of_objects [get_hw_devices xc7a100t_0] -filter {CELL_NAME=~"u_ila_0"}]]
INFO: [Labtools 27-1966] The ILA core 'hw_ila_1' triggered at 2024-Oct-22 23:36:54
INFO: [Labtools 27-3304] ILA Waveform data saved to file /home/casager/repos/verilog-ethernet/example/Arty/fpga/fpga/fpga.hw/backup/hw_ila_data_1.ila. Use Tcl command 'read_hw_ila_data' or Vivado File->Import->Import ILA Data menu item to import the previously saved data.
run_hw_ila [get_hw_ilas -of_objects [get_hw_devices xc7a100t_0] -filter {CELL_NAME=~"u_ila_0"}]
INFO: [Labtools 27-1964] The ILA core 'hw_ila_1' trigger was armed at 2024-Oct-22 23:36:57
wait_on_hw_ila [get_hw_ilas -of_objects [get_hw_devices xc7a100t_0] -filter {CELL_NAME=~"u_ila_0"}]
display_hw_ila_data [upload_hw_ila_data [get_hw_ilas -of_objects [get_hw_devices xc7a100t_0] -filter {CELL_NAME=~"u_ila_0"}]]
INFO: [Labtools 27-1966] The ILA core 'hw_ila_1' triggered at 2024-Oct-22 23:36:57
INFO: [Labtools 27-3304] ILA Waveform data saved to file /home/casager/repos/verilog-ethernet/example/Arty/fpga/fpga/fpga.hw/backup/hw_ila_data_1.ila. Use Tcl command 'read_hw_ila_data' or Vivado File->Import->Import ILA Data menu item to import the previously saved data.
run_hw_ila [get_hw_ilas -of_objects [get_hw_devices xc7a100t_0] -filter {CELL_NAME=~"u_ila_0"}]
INFO: [Labtools 27-1964] The ILA core 'hw_ila_1' trigger was armed at 2024-Oct-22 23:37:00
wait_on_hw_ila [get_hw_ilas -of_objects [get_hw_devices xc7a100t_0] -filter {CELL_NAME=~"u_ila_0"}]
display_hw_ila_data [upload_hw_ila_data [get_hw_ilas -of_objects [get_hw_devices xc7a100t_0] -filter {CELL_NAME=~"u_ila_0"}]]
INFO: [Labtools 27-1966] The ILA core 'hw_ila_1' triggered at 2024-Oct-22 23:37:00
INFO: [Labtools 27-3304] ILA Waveform data saved to file /home/casager/repos/verilog-ethernet/example/Arty/fpga/fpga/fpga.hw/backup/hw_ila_data_1.ila. Use Tcl command 'read_hw_ila_data' or Vivado File->Import->Import ILA Data menu item to import the previously saved data.
run_hw_ila [get_hw_ilas -of_objects [get_hw_devices xc7a100t_0] -filter {CELL_NAME=~"u_ila_0"}]
INFO: [Labtools 27-1964] The ILA core 'hw_ila_1' trigger was armed at 2024-Oct-22 23:37:03
wait_on_hw_ila [get_hw_ilas -of_objects [get_hw_devices xc7a100t_0] -filter {CELL_NAME=~"u_ila_0"}]
display_hw_ila_data [upload_hw_ila_data [get_hw_ilas -of_objects [get_hw_devices xc7a100t_0] -filter {CELL_NAME=~"u_ila_0"}]]
INFO: [Labtools 27-1966] The ILA core 'hw_ila_1' triggered at 2024-Oct-22 23:37:04
INFO: [Labtools 27-3304] ILA Waveform data saved to file /home/casager/repos/verilog-ethernet/example/Arty/fpga/fpga/fpga.hw/backup/hw_ila_data_1.ila. Use Tcl command 'read_hw_ila_data' or Vivado File->Import->Import ILA Data menu item to import the previously saved data.
run_hw_ila [get_hw_ilas -of_objects [get_hw_devices xc7a100t_0] -filter {CELL_NAME=~"u_ila_0"}]
INFO: [Labtools 27-1964] The ILA core 'hw_ila_1' trigger was armed at 2024-Oct-22 23:37:07
wait_on_hw_ila [get_hw_ilas -of_objects [get_hw_devices xc7a100t_0] -filter {CELL_NAME=~"u_ila_0"}]
display_hw_ila_data [upload_hw_ila_data [get_hw_ilas -of_objects [get_hw_devices xc7a100t_0] -filter {CELL_NAME=~"u_ila_0"}]]
INFO: [Labtools 27-1966] The ILA core 'hw_ila_1' triggered at 2024-Oct-22 23:37:07
INFO: [Labtools 27-3304] ILA Waveform data saved to file /home/casager/repos/verilog-ethernet/example/Arty/fpga/fpga/fpga.hw/backup/hw_ila_data_1.ila. Use Tcl command 'read_hw_ila_data' or Vivado File->Import->Import ILA Data menu item to import the previously saved data.
run_hw_ila [get_hw_ilas -of_objects [get_hw_devices xc7a100t_0] -filter {CELL_NAME=~"u_ila_0"}]
INFO: [Labtools 27-1964] The ILA core 'hw_ila_1' trigger was armed at 2024-Oct-22 23:37:10
wait_on_hw_ila [get_hw_ilas -of_objects [get_hw_devices xc7a100t_0] -filter {CELL_NAME=~"u_ila_0"}]
display_hw_ila_data [upload_hw_ila_data [get_hw_ilas -of_objects [get_hw_devices xc7a100t_0] -filter {CELL_NAME=~"u_ila_0"}]]
INFO: [Labtools 27-1966] The ILA core 'hw_ila_1' triggered at 2024-Oct-22 23:37:10
INFO: [Labtools 27-3304] ILA Waveform data saved to file /home/casager/repos/verilog-ethernet/example/Arty/fpga/fpga/fpga.hw/backup/hw_ila_data_1.ila. Use Tcl command 'read_hw_ila_data' or Vivado File->Import->Import ILA Data menu item to import the previously saved data.
run_hw_ila [get_hw_ilas -of_objects [get_hw_devices xc7a100t_0] -filter {CELL_NAME=~"u_ila_0"}]
INFO: [Labtools 27-1964] The ILA core 'hw_ila_1' trigger was armed at 2024-Oct-22 23:37:13
wait_on_hw_ila [get_hw_ilas -of_objects [get_hw_devices xc7a100t_0] -filter {CELL_NAME=~"u_ila_0"}]
display_hw_ila_data [upload_hw_ila_data [get_hw_ilas -of_objects [get_hw_devices xc7a100t_0] -filter {CELL_NAME=~"u_ila_0"}]]
INFO: [Labtools 27-1966] The ILA core 'hw_ila_1' triggered at 2024-Oct-22 23:37:13
INFO: [Labtools 27-3304] ILA Waveform data saved to file /home/casager/repos/verilog-ethernet/example/Arty/fpga/fpga/fpga.hw/backup/hw_ila_data_1.ila. Use Tcl command 'read_hw_ila_data' or Vivado File->Import->Import ILA Data menu item to import the previously saved data.
run_hw_ila [get_hw_ilas -of_objects [get_hw_devices xc7a100t_0] -filter {CELL_NAME=~"u_ila_0"}]
INFO: [Labtools 27-1964] The ILA core 'hw_ila_1' trigger was armed at 2024-Oct-22 23:37:17
wait_on_hw_ila [get_hw_ilas -of_objects [get_hw_devices xc7a100t_0] -filter {CELL_NAME=~"u_ila_0"}]
display_hw_ila_data [upload_hw_ila_data [get_hw_ilas -of_objects [get_hw_devices xc7a100t_0] -filter {CELL_NAME=~"u_ila_0"}]]
INFO: [Labtools 27-1966] The ILA core 'hw_ila_1' triggered at 2024-Oct-22 23:37:17
INFO: [Labtools 27-3304] ILA Waveform data saved to file /home/casager/repos/verilog-ethernet/example/Arty/fpga/fpga/fpga.hw/backup/hw_ila_data_1.ila. Use Tcl command 'read_hw_ila_data' or Vivado File->Import->Import ILA Data menu item to import the previously saved data.
run_hw_ila [get_hw_ilas -of_objects [get_hw_devices xc7a100t_0] -filter {CELL_NAME=~"u_ila_0"}]
INFO: [Labtools 27-1964] The ILA core 'hw_ila_1' trigger was armed at 2024-Oct-22 23:37:20
wait_on_hw_ila [get_hw_ilas -of_objects [get_hw_devices xc7a100t_0] -filter {CELL_NAME=~"u_ila_0"}]
display_hw_ila_data [upload_hw_ila_data [get_hw_ilas -of_objects [get_hw_devices xc7a100t_0] -filter {CELL_NAME=~"u_ila_0"}]]
INFO: [Labtools 27-1966] The ILA core 'hw_ila_1' triggered at 2024-Oct-22 23:37:20
INFO: [Labtools 27-3304] ILA Waveform data saved to file /home/casager/repos/verilog-ethernet/example/Arty/fpga/fpga/fpga.hw/backup/hw_ila_data_1.ila. Use Tcl command 'read_hw_ila_data' or Vivado File->Import->Import ILA Data menu item to import the previously saved data.
run_hw_ila [get_hw_ilas -of_objects [get_hw_devices xc7a100t_0] -filter {CELL_NAME=~"u_ila_0"}]
INFO: [Labtools 27-1964] The ILA core 'hw_ila_1' trigger was armed at 2024-Oct-22 23:37:23
wait_on_hw_ila [get_hw_ilas -of_objects [get_hw_devices xc7a100t_0] -filter {CELL_NAME=~"u_ila_0"}]
display_hw_ila_data [upload_hw_ila_data [get_hw_ilas -of_objects [get_hw_devices xc7a100t_0] -filter {CELL_NAME=~"u_ila_0"}]]
INFO: [Labtools 27-1966] The ILA core 'hw_ila_1' triggered at 2024-Oct-22 23:37:23
INFO: [Labtools 27-3304] ILA Waveform data saved to file /home/casager/repos/verilog-ethernet/example/Arty/fpga/fpga/fpga.hw/backup/hw_ila_data_1.ila. Use Tcl command 'read_hw_ila_data' or Vivado File->Import->Import ILA Data menu item to import the previously saved data.
run_hw_ila [get_hw_ilas -of_objects [get_hw_devices xc7a100t_0] -filter {CELL_NAME=~"u_ila_0"}]
INFO: [Labtools 27-1964] The ILA core 'hw_ila_1' trigger was armed at 2024-Oct-22 23:37:27
wait_on_hw_ila [get_hw_ilas -of_objects [get_hw_devices xc7a100t_0] -filter {CELL_NAME=~"u_ila_0"}]
display_hw_ila_data [upload_hw_ila_data [get_hw_ilas -of_objects [get_hw_devices xc7a100t_0] -filter {CELL_NAME=~"u_ila_0"}]]
INFO: [Labtools 27-1966] The ILA core 'hw_ila_1' triggered at 2024-Oct-22 23:37:27
INFO: [Labtools 27-3304] ILA Waveform data saved to file /home/casager/repos/verilog-ethernet/example/Arty/fpga/fpga/fpga.hw/backup/hw_ila_data_1.ila. Use Tcl command 'read_hw_ila_data' or Vivado File->Import->Import ILA Data menu item to import the previously saved data.
run_hw_ila [get_hw_ilas -of_objects [get_hw_devices xc7a100t_0] -filter {CELL_NAME=~"u_ila_0"}]
INFO: [Labtools 27-1964] The ILA core 'hw_ila_1' trigger was armed at 2024-Oct-22 23:37:30
wait_on_hw_ila [get_hw_ilas -of_objects [get_hw_devices xc7a100t_0] -filter {CELL_NAME=~"u_ila_0"}]
display_hw_ila_data [upload_hw_ila_data [get_hw_ilas -of_objects [get_hw_devices xc7a100t_0] -filter {CELL_NAME=~"u_ila_0"}]]
INFO: [Labtools 27-1966] The ILA core 'hw_ila_1' triggered at 2024-Oct-22 23:37:30
INFO: [Labtools 27-3304] ILA Waveform data saved to file /home/casager/repos/verilog-ethernet/example/Arty/fpga/fpga/fpga.hw/backup/hw_ila_data_1.ila. Use Tcl command 'read_hw_ila_data' or Vivado File->Import->Import ILA Data menu item to import the previously saved data.
run_hw_ila [get_hw_ilas -of_objects [get_hw_devices xc7a100t_0] -filter {CELL_NAME=~"u_ila_0"}]
INFO: [Labtools 27-1964] The ILA core 'hw_ila_1' trigger was armed at 2024-Oct-22 23:37:33
INFO: [Common 17-14] Message 'Labtools 27-1964' appears 100 times and further instances of the messages will be disabled. Use the Tcl command set_msg_config to change the current settings.
wait_on_hw_ila [get_hw_ilas -of_objects [get_hw_devices xc7a100t_0] -filter {CELL_NAME=~"u_ila_0"}]
display_hw_ila_data [upload_hw_ila_data [get_hw_ilas -of_objects [get_hw_devices xc7a100t_0] -filter {CELL_NAME=~"u_ila_0"}]]
INFO: [Labtools 27-1966] The ILA core 'hw_ila_1' triggered at 2024-Oct-22 23:37:33
INFO: [Common 17-14] Message 'Labtools 27-1966' appears 100 times and further instances of the messages will be disabled. Use the Tcl command set_msg_config to change the current settings.
INFO: [Labtools 27-3304] ILA Waveform data saved to file /home/casager/repos/verilog-ethernet/example/Arty/fpga/fpga/fpga.hw/backup/hw_ila_data_1.ila. Use Tcl command 'read_hw_ila_data' or Vivado File->Import->Import ILA Data menu item to import the previously saved data.
INFO: [Common 17-14] Message 'Labtools 27-3304' appears 100 times and further instances of the messages will be disabled. Use the Tcl command set_msg_config to change the current settings.
run_hw_ila [get_hw_ilas -of_objects [get_hw_devices xc7a100t_0] -filter {CELL_NAME=~"u_ila_0"}]
wait_on_hw_ila [get_hw_ilas -of_objects [get_hw_devices xc7a100t_0] -filter {CELL_NAME=~"u_ila_0"}]
display_hw_ila_data [upload_hw_ila_data [get_hw_ilas -of_objects [get_hw_devices xc7a100t_0] -filter {CELL_NAME=~"u_ila_0"}]]
run_hw_ila [get_hw_ilas -of_objects [get_hw_devices xc7a100t_0] -filter {CELL_NAME=~"u_ila_0"}]
wait_on_hw_ila [get_hw_ilas -of_objects [get_hw_devices xc7a100t_0] -filter {CELL_NAME=~"u_ila_0"}]
display_hw_ila_data [upload_hw_ila_data [get_hw_ilas -of_objects [get_hw_devices xc7a100t_0] -filter {CELL_NAME=~"u_ila_0"}]]
run_hw_ila [get_hw_ilas -of_objects [get_hw_devices xc7a100t_0] -filter {CELL_NAME=~"u_ila_0"}]
wait_on_hw_ila [get_hw_ilas -of_objects [get_hw_devices xc7a100t_0] -filter {CELL_NAME=~"u_ila_0"}]
display_hw_ila_data [upload_hw_ila_data [get_hw_ilas -of_objects [get_hw_devices xc7a100t_0] -filter {CELL_NAME=~"u_ila_0"}]]
run_hw_ila [get_hw_ilas -of_objects [get_hw_devices xc7a100t_0] -filter {CELL_NAME=~"u_ila_0"}]
wait_on_hw_ila [get_hw_ilas -of_objects [get_hw_devices xc7a100t_0] -filter {CELL_NAME=~"u_ila_0"}]
display_hw_ila_data [upload_hw_ila_data [get_hw_ilas -of_objects [get_hw_devices xc7a100t_0] -filter {CELL_NAME=~"u_ila_0"}]]
run_hw_ila [get_hw_ilas -of_objects [get_hw_devices xc7a100t_0] -filter {CELL_NAME=~"u_ila_0"}]
wait_on_hw_ila [get_hw_ilas -of_objects [get_hw_devices xc7a100t_0] -filter {CELL_NAME=~"u_ila_0"}]
display_hw_ila_data [upload_hw_ila_data [get_hw_ilas -of_objects [get_hw_devices xc7a100t_0] -filter {CELL_NAME=~"u_ila_0"}]]
run_hw_ila [get_hw_ilas -of_objects [get_hw_devices xc7a100t_0] -filter {CELL_NAME=~"u_ila_0"}]
wait_on_hw_ila [get_hw_ilas -of_objects [get_hw_devices xc7a100t_0] -filter {CELL_NAME=~"u_ila_0"}]
display_hw_ila_data [upload_hw_ila_data [get_hw_ilas -of_objects [get_hw_devices xc7a100t_0] -filter {CELL_NAME=~"u_ila_0"}]]
run_hw_ila [get_hw_ilas -of_objects [get_hw_devices xc7a100t_0] -filter {CELL_NAME=~"u_ila_0"}]
wait_on_hw_ila [get_hw_ilas -of_objects [get_hw_devices xc7a100t_0] -filter {CELL_NAME=~"u_ila_0"}]
display_hw_ila_data [upload_hw_ila_data [get_hw_ilas -of_objects [get_hw_devices xc7a100t_0] -filter {CELL_NAME=~"u_ila_0"}]]
run_hw_ila [get_hw_ilas -of_objects [get_hw_devices xc7a100t_0] -filter {CELL_NAME=~"u_ila_0"}]
wait_on_hw_ila [get_hw_ilas -of_objects [get_hw_devices xc7a100t_0] -filter {CELL_NAME=~"u_ila_0"}]
display_hw_ila_data [upload_hw_ila_data [get_hw_ilas -of_objects [get_hw_devices xc7a100t_0] -filter {CELL_NAME=~"u_ila_0"}]]
run_hw_ila [get_hw_ilas -of_objects [get_hw_devices xc7a100t_0] -filter {CELL_NAME=~"u_ila_0"}]
wait_on_hw_ila [get_hw_ilas -of_objects [get_hw_devices xc7a100t_0] -filter {CELL_NAME=~"u_ila_0"}]
display_hw_ila_data [upload_hw_ila_data [get_hw_ilas -of_objects [get_hw_devices xc7a100t_0] -filter {CELL_NAME=~"u_ila_0"}]]
run_hw_ila [get_hw_ilas -of_objects [get_hw_devices xc7a100t_0] -filter {CELL_NAME=~"u_ila_0"}]
wait_on_hw_ila [get_hw_ilas -of_objects [get_hw_devices xc7a100t_0] -filter {CELL_NAME=~"u_ila_0"}]
display_hw_ila_data [upload_hw_ila_data [get_hw_ilas -of_objects [get_hw_devices xc7a100t_0] -filter {CELL_NAME=~"u_ila_0"}]]
run_hw_ila [get_hw_ilas -of_objects [get_hw_devices xc7a100t_0] -filter {CELL_NAME=~"u_ila_0"}]
wait_on_hw_ila [get_hw_ilas -of_objects [get_hw_devices xc7a100t_0] -filter {CELL_NAME=~"u_ila_0"}]
display_hw_ila_data [upload_hw_ila_data [get_hw_ilas -of_objects [get_hw_devices xc7a100t_0] -filter {CELL_NAME=~"u_ila_0"}]]
run_hw_ila [get_hw_ilas -of_objects [get_hw_devices xc7a100t_0] -filter {CELL_NAME=~"u_ila_0"}]
wait_on_hw_ila [get_hw_ilas -of_objects [get_hw_devices xc7a100t_0] -filter {CELL_NAME=~"u_ila_0"}]
display_hw_ila_data [upload_hw_ila_data [get_hw_ilas -of_objects [get_hw_devices xc7a100t_0] -filter {CELL_NAME=~"u_ila_0"}]]
run_hw_ila [get_hw_ilas -of_objects [get_hw_devices xc7a100t_0] -filter {CELL_NAME=~"u_ila_0"}]
wait_on_hw_ila [get_hw_ilas -of_objects [get_hw_devices xc7a100t_0] -filter {CELL_NAME=~"u_ila_0"}]
display_hw_ila_data [upload_hw_ila_data [get_hw_ilas -of_objects [get_hw_devices xc7a100t_0] -filter {CELL_NAME=~"u_ila_0"}]]
run_hw_ila [get_hw_ilas -of_objects [get_hw_devices xc7a100t_0] -filter {CELL_NAME=~"u_ila_0"}]
wait_on_hw_ila [get_hw_ilas -of_objects [get_hw_devices xc7a100t_0] -filter {CELL_NAME=~"u_ila_0"}]
display_hw_ila_data [upload_hw_ila_data [get_hw_ilas -of_objects [get_hw_devices xc7a100t_0] -filter {CELL_NAME=~"u_ila_0"}]]
run_hw_ila [get_hw_ilas -of_objects [get_hw_devices xc7a100t_0] -filter {CELL_NAME=~"u_ila_0"}]
wait_on_hw_ila [get_hw_ilas -of_objects [get_hw_devices xc7a100t_0] -filter {CELL_NAME=~"u_ila_0"}]
display_hw_ila_data [upload_hw_ila_data [get_hw_ilas -of_objects [get_hw_devices xc7a100t_0] -filter {CELL_NAME=~"u_ila_0"}]]
run_hw_ila [get_hw_ilas -of_objects [get_hw_devices xc7a100t_0] -filter {CELL_NAME=~"u_ila_0"}]
wait_on_hw_ila [get_hw_ilas -of_objects [get_hw_devices xc7a100t_0] -filter {CELL_NAME=~"u_ila_0"}]
display_hw_ila_data [upload_hw_ila_data [get_hw_ilas -of_objects [get_hw_devices xc7a100t_0] -filter {CELL_NAME=~"u_ila_0"}]]
run_hw_ila [get_hw_ilas -of_objects [get_hw_devices xc7a100t_0] -filter {CELL_NAME=~"u_ila_0"}]
wait_on_hw_ila [get_hw_ilas -of_objects [get_hw_devices xc7a100t_0] -filter {CELL_NAME=~"u_ila_0"}]
display_hw_ila_data [upload_hw_ila_data [get_hw_ilas -of_objects [get_hw_devices xc7a100t_0] -filter {CELL_NAME=~"u_ila_0"}]]
run_hw_ila [get_hw_ilas -of_objects [get_hw_devices xc7a100t_0] -filter {CELL_NAME=~"u_ila_0"}]
wait_on_hw_ila [get_hw_ilas -of_objects [get_hw_devices xc7a100t_0] -filter {CELL_NAME=~"u_ila_0"}]
display_hw_ila_data [upload_hw_ila_data [get_hw_ilas -of_objects [get_hw_devices xc7a100t_0] -filter {CELL_NAME=~"u_ila_0"}]]
run_hw_ila [get_hw_ilas -of_objects [get_hw_devices xc7a100t_0] -filter {CELL_NAME=~"u_ila_0"}]
wait_on_hw_ila [get_hw_ilas -of_objects [get_hw_devices xc7a100t_0] -filter {CELL_NAME=~"u_ila_0"}]
display_hw_ila_data [upload_hw_ila_data [get_hw_ilas -of_objects [get_hw_devices xc7a100t_0] -filter {CELL_NAME=~"u_ila_0"}]]
run_hw_ila [get_hw_ilas -of_objects [get_hw_devices xc7a100t_0] -filter {CELL_NAME=~"u_ila_0"}]
wait_on_hw_ila [get_hw_ilas -of_objects [get_hw_devices xc7a100t_0] -filter {CELL_NAME=~"u_ila_0"}]
display_hw_ila_data [upload_hw_ila_data [get_hw_ilas -of_objects [get_hw_devices xc7a100t_0] -filter {CELL_NAME=~"u_ila_0"}]]
run_hw_ila [get_hw_ilas -of_objects [get_hw_devices xc7a100t_0] -filter {CELL_NAME=~"u_ila_0"}]
wait_on_hw_ila [get_hw_ilas -of_objects [get_hw_devices xc7a100t_0] -filter {CELL_NAME=~"u_ila_0"}]
display_hw_ila_data [upload_hw_ila_data [get_hw_ilas -of_objects [get_hw_devices xc7a100t_0] -filter {CELL_NAME=~"u_ila_0"}]]
run_hw_ila [get_hw_ilas -of_objects [get_hw_devices xc7a100t_0] -filter {CELL_NAME=~"u_ila_0"}]
wait_on_hw_ila [get_hw_ilas -of_objects [get_hw_devices xc7a100t_0] -filter {CELL_NAME=~"u_ila_0"}]
display_hw_ila_data [upload_hw_ila_data [get_hw_ilas -of_objects [get_hw_devices xc7a100t_0] -filter {CELL_NAME=~"u_ila_0"}]]
run_hw_ila [get_hw_ilas -of_objects [get_hw_devices xc7a100t_0] -filter {CELL_NAME=~"u_ila_0"}]
wait_on_hw_ila [get_hw_ilas -of_objects [get_hw_devices xc7a100t_0] -filter {CELL_NAME=~"u_ila_0"}]
display_hw_ila_data [upload_hw_ila_data [get_hw_ilas -of_objects [get_hw_devices xc7a100t_0] -filter {CELL_NAME=~"u_ila_0"}]]
run_hw_ila [get_hw_ilas -of_objects [get_hw_devices xc7a100t_0] -filter {CELL_NAME=~"u_ila_0"}]
wait_on_hw_ila [get_hw_ilas -of_objects [get_hw_devices xc7a100t_0] -filter {CELL_NAME=~"u_ila_0"}]
display_hw_ila_data [upload_hw_ila_data [get_hw_ilas -of_objects [get_hw_devices xc7a100t_0] -filter {CELL_NAME=~"u_ila_0"}]]
run_hw_ila [get_hw_ilas -of_objects [get_hw_devices xc7a100t_0] -filter {CELL_NAME=~"u_ila_0"}]
wait_on_hw_ila [get_hw_ilas -of_objects [get_hw_devices xc7a100t_0] -filter {CELL_NAME=~"u_ila_0"}]
display_hw_ila_data [upload_hw_ila_data [get_hw_ilas -of_objects [get_hw_devices xc7a100t_0] -filter {CELL_NAME=~"u_ila_0"}]]
run_hw_ila [get_hw_ilas -of_objects [get_hw_devices xc7a100t_0] -filter {CELL_NAME=~"u_ila_0"}]
wait_on_hw_ila [get_hw_ilas -of_objects [get_hw_devices xc7a100t_0] -filter {CELL_NAME=~"u_ila_0"}]
display_hw_ila_data [upload_hw_ila_data [get_hw_ilas -of_objects [get_hw_devices xc7a100t_0] -filter {CELL_NAME=~"u_ila_0"}]]
run_hw_ila [get_hw_ilas -of_objects [get_hw_devices xc7a100t_0] -filter {CELL_NAME=~"u_ila_0"}]
wait_on_hw_ila [get_hw_ilas -of_objects [get_hw_devices xc7a100t_0] -filter {CELL_NAME=~"u_ila_0"}]
display_hw_ila_data [upload_hw_ila_data [get_hw_ilas -of_objects [get_hw_devices xc7a100t_0] -filter {CELL_NAME=~"u_ila_0"}]]
run_hw_ila [get_hw_ilas -of_objects [get_hw_devices xc7a100t_0] -filter {CELL_NAME=~"u_ila_0"}]
wait_on_hw_ila [get_hw_ilas -of_objects [get_hw_devices xc7a100t_0] -filter {CELL_NAME=~"u_ila_0"}]
display_hw_ila_data [upload_hw_ila_data [get_hw_ilas -of_objects [get_hw_devices xc7a100t_0] -filter {CELL_NAME=~"u_ila_0"}]]
run_hw_ila [get_hw_ilas -of_objects [get_hw_devices xc7a100t_0] -filter {CELL_NAME=~"u_ila_0"}]
wait_on_hw_ila [get_hw_ilas -of_objects [get_hw_devices xc7a100t_0] -filter {CELL_NAME=~"u_ila_0"}]
display_hw_ila_data [upload_hw_ila_data [get_hw_ilas -of_objects [get_hw_devices xc7a100t_0] -filter {CELL_NAME=~"u_ila_0"}]]
run_hw_ila [get_hw_ilas -of_objects [get_hw_devices xc7a100t_0] -filter {CELL_NAME=~"u_ila_0"}]
wait_on_hw_ila [get_hw_ilas -of_objects [get_hw_devices xc7a100t_0] -filter {CELL_NAME=~"u_ila_0"}]
display_hw_ila_data [upload_hw_ila_data [get_hw_ilas -of_objects [get_hw_devices xc7a100t_0] -filter {CELL_NAME=~"u_ila_0"}]]
run_hw_ila [get_hw_ilas -of_objects [get_hw_devices xc7a100t_0] -filter {CELL_NAME=~"u_ila_0"}]
wait_on_hw_ila [get_hw_ilas -of_objects [get_hw_devices xc7a100t_0] -filter {CELL_NAME=~"u_ila_0"}]
display_hw_ila_data [upload_hw_ila_data [get_hw_ilas -of_objects [get_hw_devices xc7a100t_0] -filter {CELL_NAME=~"u_ila_0"}]]
run_hw_ila [get_hw_ilas -of_objects [get_hw_devices xc7a100t_0] -filter {CELL_NAME=~"u_ila_0"}]
wait_on_hw_ila [get_hw_ilas -of_objects [get_hw_devices xc7a100t_0] -filter {CELL_NAME=~"u_ila_0"}]
display_hw_ila_data [upload_hw_ila_data [get_hw_ilas -of_objects [get_hw_devices xc7a100t_0] -filter {CELL_NAME=~"u_ila_0"}]]
run_hw_ila [get_hw_ilas -of_objects [get_hw_devices xc7a100t_0] -filter {CELL_NAME=~"u_ila_0"}]
wait_on_hw_ila [get_hw_ilas -of_objects [get_hw_devices xc7a100t_0] -filter {CELL_NAME=~"u_ila_0"}]
display_hw_ila_data [upload_hw_ila_data [get_hw_ilas -of_objects [get_hw_devices xc7a100t_0] -filter {CELL_NAME=~"u_ila_0"}]]
run_hw_ila [get_hw_ilas -of_objects [get_hw_devices xc7a100t_0] -filter {CELL_NAME=~"u_ila_0"}]
wait_on_hw_ila [get_hw_ilas -of_objects [get_hw_devices xc7a100t_0] -filter {CELL_NAME=~"u_ila_0"}]
display_hw_ila_data [upload_hw_ila_data [get_hw_ilas -of_objects [get_hw_devices xc7a100t_0] -filter {CELL_NAME=~"u_ila_0"}]]
run_hw_ila [get_hw_ilas -of_objects [get_hw_devices xc7a100t_0] -filter {CELL_NAME=~"u_ila_0"}]
wait_on_hw_ila [get_hw_ilas -of_objects [get_hw_devices xc7a100t_0] -filter {CELL_NAME=~"u_ila_0"}]
display_hw_ila_data [upload_hw_ila_data [get_hw_ilas -of_objects [get_hw_devices xc7a100t_0] -filter {CELL_NAME=~"u_ila_0"}]]
run_hw_ila [get_hw_ilas -of_objects [get_hw_devices xc7a100t_0] -filter {CELL_NAME=~"u_ila_0"}]
wait_on_hw_ila [get_hw_ilas -of_objects [get_hw_devices xc7a100t_0] -filter {CELL_NAME=~"u_ila_0"}]
display_hw_ila_data [upload_hw_ila_data [get_hw_ilas -of_objects [get_hw_devices xc7a100t_0] -filter {CELL_NAME=~"u_ila_0"}]]
run_hw_ila [get_hw_ilas -of_objects [get_hw_devices xc7a100t_0] -filter {CELL_NAME=~"u_ila_0"}]
wait_on_hw_ila [get_hw_ilas -of_objects [get_hw_devices xc7a100t_0] -filter {CELL_NAME=~"u_ila_0"}]
display_hw_ila_data [upload_hw_ila_data [get_hw_ilas -of_objects [get_hw_devices xc7a100t_0] -filter {CELL_NAME=~"u_ila_0"}]]
run_hw_ila [get_hw_ilas -of_objects [get_hw_devices xc7a100t_0] -filter {CELL_NAME=~"u_ila_0"}]
wait_on_hw_ila [get_hw_ilas -of_objects [get_hw_devices xc7a100t_0] -filter {CELL_NAME=~"u_ila_0"}]
display_hw_ila_data [upload_hw_ila_data [get_hw_ilas -of_objects [get_hw_devices xc7a100t_0] -filter {CELL_NAME=~"u_ila_0"}]]
run_hw_ila [get_hw_ilas -of_objects [get_hw_devices xc7a100t_0] -filter {CELL_NAME=~"u_ila_0"}]
INFO: [Labtools 27-1964] The ILA core 'hw_ila_1' trigger was armed at 2024-Oct-22 23:39:42
wait_on_hw_ila [get_hw_ilas -of_objects [get_hw_devices xc7a100t_0] -filter {CELL_NAME=~"u_ila_0"}]
display_hw_ila_data [upload_hw_ila_data [get_hw_ilas -of_objects [get_hw_devices xc7a100t_0] -filter {CELL_NAME=~"u_ila_0"}]]
INFO: [Labtools 27-1966] The ILA core 'hw_ila_1' triggered at 2024-Oct-22 23:39:42
INFO: [Labtools 27-3304] ILA Waveform data saved to file /home/casager/repos/verilog-ethernet/example/Arty/fpga/fpga/fpga.hw/backup/hw_ila_data_1.ila. Use Tcl command 'read_hw_ila_data' or Vivado File->Import->Import ILA Data menu item to import the previously saved data.
run_hw_ila [get_hw_ilas -of_objects [get_hw_devices xc7a100t_0] -filter {CELL_NAME=~"u_ila_0"}]
INFO: [Labtools 27-1964] The ILA core 'hw_ila_1' trigger was armed at 2024-Oct-22 23:39:46
wait_on_hw_ila [get_hw_ilas -of_objects [get_hw_devices xc7a100t_0] -filter {CELL_NAME=~"u_ila_0"}]
display_hw_ila_data [upload_hw_ila_data [get_hw_ilas -of_objects [get_hw_devices xc7a100t_0] -filter {CELL_NAME=~"u_ila_0"}]]
INFO: [Labtools 27-1966] The ILA core 'hw_ila_1' triggered at 2024-Oct-22 23:39:46
INFO: [Labtools 27-3304] ILA Waveform data saved to file /home/casager/repos/verilog-ethernet/example/Arty/fpga/fpga/fpga.hw/backup/hw_ila_data_1.ila. Use Tcl command 'read_hw_ila_data' or Vivado File->Import->Import ILA Data menu item to import the previously saved data.
run_hw_ila [get_hw_ilas -of_objects [get_hw_devices xc7a100t_0] -filter {CELL_NAME=~"u_ila_0"}]
INFO: [Labtools 27-1964] The ILA core 'hw_ila_1' trigger was armed at 2024-Oct-22 23:39:49
wait_on_hw_ila [get_hw_ilas -of_objects [get_hw_devices xc7a100t_0] -filter {CELL_NAME=~"u_ila_0"}]
display_hw_ila_data [upload_hw_ila_data [get_hw_ilas -of_objects [get_hw_devices xc7a100t_0] -filter {CELL_NAME=~"u_ila_0"}]]
INFO: [Labtools 27-1966] The ILA core 'hw_ila_1' triggered at 2024-Oct-22 23:39:49
INFO: [Labtools 27-3304] ILA Waveform data saved to file /home/casager/repos/verilog-ethernet/example/Arty/fpga/fpga/fpga.hw/backup/hw_ila_data_1.ila. Use Tcl command 'read_hw_ila_data' or Vivado File->Import->Import ILA Data menu item to import the previously saved data.
run_hw_ila [get_hw_ilas -of_objects [get_hw_devices xc7a100t_0] -filter {CELL_NAME=~"u_ila_0"}]
INFO: [Labtools 27-1964] The ILA core 'hw_ila_1' trigger was armed at 2024-Oct-22 23:39:52
wait_on_hw_ila [get_hw_ilas -of_objects [get_hw_devices xc7a100t_0] -filter {CELL_NAME=~"u_ila_0"}]
display_hw_ila_data [upload_hw_ila_data [get_hw_ilas -of_objects [get_hw_devices xc7a100t_0] -filter {CELL_NAME=~"u_ila_0"}]]
INFO: [Labtools 27-1966] The ILA core 'hw_ila_1' triggered at 2024-Oct-22 23:39:52
INFO: [Labtools 27-3304] ILA Waveform data saved to file /home/casager/repos/verilog-ethernet/example/Arty/fpga/fpga/fpga.hw/backup/hw_ila_data_1.ila. Use Tcl command 'read_hw_ila_data' or Vivado File->Import->Import ILA Data menu item to import the previously saved data.
run_hw_ila [get_hw_ilas -of_objects [get_hw_devices xc7a100t_0] -filter {CELL_NAME=~"u_ila_0"}]
INFO: [Labtools 27-1964] The ILA core 'hw_ila_1' trigger was armed at 2024-Oct-22 23:39:56
wait_on_hw_ila [get_hw_ilas -of_objects [get_hw_devices xc7a100t_0] -filter {CELL_NAME=~"u_ila_0"}]
display_hw_ila_data [upload_hw_ila_data [get_hw_ilas -of_objects [get_hw_devices xc7a100t_0] -filter {CELL_NAME=~"u_ila_0"}]]
INFO: [Labtools 27-1966] The ILA core 'hw_ila_1' triggered at 2024-Oct-22 23:39:56
INFO: [Labtools 27-3304] ILA Waveform data saved to file /home/casager/repos/verilog-ethernet/example/Arty/fpga/fpga/fpga.hw/backup/hw_ila_data_1.ila. Use Tcl command 'read_hw_ila_data' or Vivado File->Import->Import ILA Data menu item to import the previously saved data.
run_hw_ila [get_hw_ilas -of_objects [get_hw_devices xc7a100t_0] -filter {CELL_NAME=~"u_ila_0"}]
INFO: [Labtools 27-1964] The ILA core 'hw_ila_1' trigger was armed at 2024-Oct-22 23:39:59
wait_on_hw_ila [get_hw_ilas -of_objects [get_hw_devices xc7a100t_0] -filter {CELL_NAME=~"u_ila_0"}]
display_hw_ila_data [upload_hw_ila_data [get_hw_ilas -of_objects [get_hw_devices xc7a100t_0] -filter {CELL_NAME=~"u_ila_0"}]]
INFO: [Labtools 27-1966] The ILA core 'hw_ila_1' triggered at 2024-Oct-22 23:39:59
INFO: [Labtools 27-3304] ILA Waveform data saved to file /home/casager/repos/verilog-ethernet/example/Arty/fpga/fpga/fpga.hw/backup/hw_ila_data_1.ila. Use Tcl command 'read_hw_ila_data' or Vivado File->Import->Import ILA Data menu item to import the previously saved data.
run_hw_ila [get_hw_ilas -of_objects [get_hw_devices xc7a100t_0] -filter {CELL_NAME=~"u_ila_0"}]
INFO: [Labtools 27-1964] The ILA core 'hw_ila_1' trigger was armed at 2024-Oct-22 23:40:02
wait_on_hw_ila [get_hw_ilas -of_objects [get_hw_devices xc7a100t_0] -filter {CELL_NAME=~"u_ila_0"}]
display_hw_ila_data [upload_hw_ila_data [get_hw_ilas -of_objects [get_hw_devices xc7a100t_0] -filter {CELL_NAME=~"u_ila_0"}]]
INFO: [Labtools 27-1966] The ILA core 'hw_ila_1' triggered at 2024-Oct-22 23:40:02
INFO: [Labtools 27-3304] ILA Waveform data saved to file /home/casager/repos/verilog-ethernet/example/Arty/fpga/fpga/fpga.hw/backup/hw_ila_data_1.ila. Use Tcl command 'read_hw_ila_data' or Vivado File->Import->Import ILA Data menu item to import the previously saved data.
run_hw_ila [get_hw_ilas -of_objects [get_hw_devices xc7a100t_0] -filter {CELL_NAME=~"u_ila_0"}]
INFO: [Labtools 27-1964] The ILA core 'hw_ila_1' trigger was armed at 2024-Oct-22 23:40:05
wait_on_hw_ila [get_hw_ilas -of_objects [get_hw_devices xc7a100t_0] -filter {CELL_NAME=~"u_ila_0"}]
display_hw_ila_data [upload_hw_ila_data [get_hw_ilas -of_objects [get_hw_devices xc7a100t_0] -filter {CELL_NAME=~"u_ila_0"}]]
INFO: [Labtools 27-1966] The ILA core 'hw_ila_1' triggered at 2024-Oct-22 23:40:05
INFO: [Labtools 27-3304] ILA Waveform data saved to file /home/casager/repos/verilog-ethernet/example/Arty/fpga/fpga/fpga.hw/backup/hw_ila_data_1.ila. Use Tcl command 'read_hw_ila_data' or Vivado File->Import->Import ILA Data menu item to import the previously saved data.
run_hw_ila [get_hw_ilas -of_objects [get_hw_devices xc7a100t_0] -filter {CELL_NAME=~"u_ila_0"}]
INFO: [Labtools 27-1964] The ILA core 'hw_ila_1' trigger was armed at 2024-Oct-22 23:40:09
wait_on_hw_ila [get_hw_ilas -of_objects [get_hw_devices xc7a100t_0] -filter {CELL_NAME=~"u_ila_0"}]
display_hw_ila_data [upload_hw_ila_data [get_hw_ilas -of_objects [get_hw_devices xc7a100t_0] -filter {CELL_NAME=~"u_ila_0"}]]
INFO: [Labtools 27-1966] The ILA core 'hw_ila_1' triggered at 2024-Oct-22 23:40:09
INFO: [Labtools 27-3304] ILA Waveform data saved to file /home/casager/repos/verilog-ethernet/example/Arty/fpga/fpga/fpga.hw/backup/hw_ila_data_1.ila. Use Tcl command 'read_hw_ila_data' or Vivado File->Import->Import ILA Data menu item to import the previously saved data.
run_hw_ila [get_hw_ilas -of_objects [get_hw_devices xc7a100t_0] -filter {CELL_NAME=~"u_ila_0"}]
INFO: [Labtools 27-1964] The ILA core 'hw_ila_1' trigger was armed at 2024-Oct-22 23:40:12
wait_on_hw_ila [get_hw_ilas -of_objects [get_hw_devices xc7a100t_0] -filter {CELL_NAME=~"u_ila_0"}]
display_hw_ila_data [upload_hw_ila_data [get_hw_ilas -of_objects [get_hw_devices xc7a100t_0] -filter {CELL_NAME=~"u_ila_0"}]]
INFO: [Labtools 27-1966] The ILA core 'hw_ila_1' triggered at 2024-Oct-22 23:40:12
INFO: [Labtools 27-3304] ILA Waveform data saved to file /home/casager/repos/verilog-ethernet/example/Arty/fpga/fpga/fpga.hw/backup/hw_ila_data_1.ila. Use Tcl command 'read_hw_ila_data' or Vivado File->Import->Import ILA Data menu item to import the previously saved data.
run_hw_ila [get_hw_ilas -of_objects [get_hw_devices xc7a100t_0] -filter {CELL_NAME=~"u_ila_0"}]
INFO: [Labtools 27-1964] The ILA core 'hw_ila_1' trigger was armed at 2024-Oct-22 23:40:15
wait_on_hw_ila [get_hw_ilas -of_objects [get_hw_devices xc7a100t_0] -filter {CELL_NAME=~"u_ila_0"}]
display_hw_ila_data [upload_hw_ila_data [get_hw_ilas -of_objects [get_hw_devices xc7a100t_0] -filter {CELL_NAME=~"u_ila_0"}]]
INFO: [Labtools 27-1966] The ILA core 'hw_ila_1' triggered at 2024-Oct-22 23:40:15
INFO: [Labtools 27-3304] ILA Waveform data saved to file /home/casager/repos/verilog-ethernet/example/Arty/fpga/fpga/fpga.hw/backup/hw_ila_data_1.ila. Use Tcl command 'read_hw_ila_data' or Vivado File->Import->Import ILA Data menu item to import the previously saved data.
run_hw_ila [get_hw_ilas -of_objects [get_hw_devices xc7a100t_0] -filter {CELL_NAME=~"u_ila_0"}]
INFO: [Labtools 27-1964] The ILA core 'hw_ila_1' trigger was armed at 2024-Oct-22 23:40:19
wait_on_hw_ila [get_hw_ilas -of_objects [get_hw_devices xc7a100t_0] -filter {CELL_NAME=~"u_ila_0"}]
display_hw_ila_data [upload_hw_ila_data [get_hw_ilas -of_objects [get_hw_devices xc7a100t_0] -filter {CELL_NAME=~"u_ila_0"}]]
INFO: [Labtools 27-1966] The ILA core 'hw_ila_1' triggered at 2024-Oct-22 23:40:19
INFO: [Labtools 27-3304] ILA Waveform data saved to file /home/casager/repos/verilog-ethernet/example/Arty/fpga/fpga/fpga.hw/backup/hw_ila_data_1.ila. Use Tcl command 'read_hw_ila_data' or Vivado File->Import->Import ILA Data menu item to import the previously saved data.
run_hw_ila [get_hw_ilas -of_objects [get_hw_devices xc7a100t_0] -filter {CELL_NAME=~"u_ila_0"}]
INFO: [Labtools 27-1964] The ILA core 'hw_ila_1' trigger was armed at 2024-Oct-22 23:40:22
wait_on_hw_ila [get_hw_ilas -of_objects [get_hw_devices xc7a100t_0] -filter {CELL_NAME=~"u_ila_0"}]
display_hw_ila_data [upload_hw_ila_data [get_hw_ilas -of_objects [get_hw_devices xc7a100t_0] -filter {CELL_NAME=~"u_ila_0"}]]
INFO: [Labtools 27-1966] The ILA core 'hw_ila_1' triggered at 2024-Oct-22 23:40:22
INFO: [Labtools 27-3304] ILA Waveform data saved to file /home/casager/repos/verilog-ethernet/example/Arty/fpga/fpga/fpga.hw/backup/hw_ila_data_1.ila. Use Tcl command 'read_hw_ila_data' or Vivado File->Import->Import ILA Data menu item to import the previously saved data.
run_hw_ila [get_hw_ilas -of_objects [get_hw_devices xc7a100t_0] -filter {CELL_NAME=~"u_ila_0"}]
INFO: [Labtools 27-1964] The ILA core 'hw_ila_1' trigger was armed at 2024-Oct-22 23:40:25
wait_on_hw_ila [get_hw_ilas -of_objects [get_hw_devices xc7a100t_0] -filter {CELL_NAME=~"u_ila_0"}]
display_hw_ila_data [upload_hw_ila_data [get_hw_ilas -of_objects [get_hw_devices xc7a100t_0] -filter {CELL_NAME=~"u_ila_0"}]]
INFO: [Labtools 27-1966] The ILA core 'hw_ila_1' triggered at 2024-Oct-22 23:40:25
INFO: [Labtools 27-3304] ILA Waveform data saved to file /home/casager/repos/verilog-ethernet/example/Arty/fpga/fpga/fpga.hw/backup/hw_ila_data_1.ila. Use Tcl command 'read_hw_ila_data' or Vivado File->Import->Import ILA Data menu item to import the previously saved data.
run_hw_ila [get_hw_ilas -of_objects [get_hw_devices xc7a100t_0] -filter {CELL_NAME=~"u_ila_0"}]
INFO: [Labtools 27-1964] The ILA core 'hw_ila_1' trigger was armed at 2024-Oct-22 23:40:29
wait_on_hw_ila [get_hw_ilas -of_objects [get_hw_devices xc7a100t_0] -filter {CELL_NAME=~"u_ila_0"}]
display_hw_ila_data [upload_hw_ila_data [get_hw_ilas -of_objects [get_hw_devices xc7a100t_0] -filter {CELL_NAME=~"u_ila_0"}]]
INFO: [Labtools 27-1966] The ILA core 'hw_ila_1' triggered at 2024-Oct-22 23:40:29
INFO: [Labtools 27-3304] ILA Waveform data saved to file /home/casager/repos/verilog-ethernet/example/Arty/fpga/fpga/fpga.hw/backup/hw_ila_data_1.ila. Use Tcl command 'read_hw_ila_data' or Vivado File->Import->Import ILA Data menu item to import the previously saved data.
run_hw_ila [get_hw_ilas -of_objects [get_hw_devices xc7a100t_0] -filter {CELL_NAME=~"u_ila_0"}]
INFO: [Labtools 27-1964] The ILA core 'hw_ila_1' trigger was armed at 2024-Oct-22 23:40:32
wait_on_hw_ila [get_hw_ilas -of_objects [get_hw_devices xc7a100t_0] -filter {CELL_NAME=~"u_ila_0"}]
display_hw_ila_data [upload_hw_ila_data [get_hw_ilas -of_objects [get_hw_devices xc7a100t_0] -filter {CELL_NAME=~"u_ila_0"}]]
INFO: [Labtools 27-1966] The ILA core 'hw_ila_1' triggered at 2024-Oct-22 23:40:32
INFO: [Labtools 27-3304] ILA Waveform data saved to file /home/casager/repos/verilog-ethernet/example/Arty/fpga/fpga/fpga.hw/backup/hw_ila_data_1.ila. Use Tcl command 'read_hw_ila_data' or Vivado File->Import->Import ILA Data menu item to import the previously saved data.
run_hw_ila [get_hw_ilas -of_objects [get_hw_devices xc7a100t_0] -filter {CELL_NAME=~"u_ila_0"}]
INFO: [Labtools 27-1964] The ILA core 'hw_ila_1' trigger was armed at 2024-Oct-22 23:40:35
wait_on_hw_ila [get_hw_ilas -of_objects [get_hw_devices xc7a100t_0] -filter {CELL_NAME=~"u_ila_0"}]
display_hw_ila_data [upload_hw_ila_data [get_hw_ilas -of_objects [get_hw_devices xc7a100t_0] -filter {CELL_NAME=~"u_ila_0"}]]
INFO: [Labtools 27-1966] The ILA core 'hw_ila_1' triggered at 2024-Oct-22 23:40:35
INFO: [Labtools 27-3304] ILA Waveform data saved to file /home/casager/repos/verilog-ethernet/example/Arty/fpga/fpga/fpga.hw/backup/hw_ila_data_1.ila. Use Tcl command 'read_hw_ila_data' or Vivado File->Import->Import ILA Data menu item to import the previously saved data.
run_hw_ila [get_hw_ilas -of_objects [get_hw_devices xc7a100t_0] -filter {CELL_NAME=~"u_ila_0"}]
INFO: [Labtools 27-1964] The ILA core 'hw_ila_1' trigger was armed at 2024-Oct-22 23:40:38
wait_on_hw_ila [get_hw_ilas -of_objects [get_hw_devices xc7a100t_0] -filter {CELL_NAME=~"u_ila_0"}]
display_hw_ila_data [upload_hw_ila_data [get_hw_ilas -of_objects [get_hw_devices xc7a100t_0] -filter {CELL_NAME=~"u_ila_0"}]]
INFO: [Labtools 27-1966] The ILA core 'hw_ila_1' triggered at 2024-Oct-22 23:40:38
INFO: [Labtools 27-3304] ILA Waveform data saved to file /home/casager/repos/verilog-ethernet/example/Arty/fpga/fpga/fpga.hw/backup/hw_ila_data_1.ila. Use Tcl command 'read_hw_ila_data' or Vivado File->Import->Import ILA Data menu item to import the previously saved data.
run_hw_ila [get_hw_ilas -of_objects [get_hw_devices xc7a100t_0] -filter {CELL_NAME=~"u_ila_0"}]
INFO: [Labtools 27-1964] The ILA core 'hw_ila_1' trigger was armed at 2024-Oct-22 23:40:42
wait_on_hw_ila [get_hw_ilas -of_objects [get_hw_devices xc7a100t_0] -filter {CELL_NAME=~"u_ila_0"}]
display_hw_ila_data [upload_hw_ila_data [get_hw_ilas -of_objects [get_hw_devices xc7a100t_0] -filter {CELL_NAME=~"u_ila_0"}]]
INFO: [Labtools 27-1966] The ILA core 'hw_ila_1' triggered at 2024-Oct-22 23:40:42
INFO: [Labtools 27-3304] ILA Waveform data saved to file /home/casager/repos/verilog-ethernet/example/Arty/fpga/fpga/fpga.hw/backup/hw_ila_data_1.ila. Use Tcl command 'read_hw_ila_data' or Vivado File->Import->Import ILA Data menu item to import the previously saved data.
run_hw_ila [get_hw_ilas -of_objects [get_hw_devices xc7a100t_0] -filter {CELL_NAME=~"u_ila_0"}]
INFO: [Labtools 27-1964] The ILA core 'hw_ila_1' trigger was armed at 2024-Oct-22 23:40:45
wait_on_hw_ila [get_hw_ilas -of_objects [get_hw_devices xc7a100t_0] -filter {CELL_NAME=~"u_ila_0"}]
display_hw_ila_data [upload_hw_ila_data [get_hw_ilas -of_objects [get_hw_devices xc7a100t_0] -filter {CELL_NAME=~"u_ila_0"}]]
INFO: [Labtools 27-1966] The ILA core 'hw_ila_1' triggered at 2024-Oct-22 23:40:45
INFO: [Labtools 27-3304] ILA Waveform data saved to file /home/casager/repos/verilog-ethernet/example/Arty/fpga/fpga/fpga.hw/backup/hw_ila_data_1.ila. Use Tcl command 'read_hw_ila_data' or Vivado File->Import->Import ILA Data menu item to import the previously saved data.
run_hw_ila [get_hw_ilas -of_objects [get_hw_devices xc7a100t_0] -filter {CELL_NAME=~"u_ila_0"}]
INFO: [Labtools 27-1964] The ILA core 'hw_ila_1' trigger was armed at 2024-Oct-22 23:40:49
wait_on_hw_ila [get_hw_ilas -of_objects [get_hw_devices xc7a100t_0] -filter {CELL_NAME=~"u_ila_0"}]
display_hw_ila_data [upload_hw_ila_data [get_hw_ilas -of_objects [get_hw_devices xc7a100t_0] -filter {CELL_NAME=~"u_ila_0"}]]
INFO: [Labtools 27-1966] The ILA core 'hw_ila_1' triggered at 2024-Oct-22 23:40:49
INFO: [Labtools 27-3304] ILA Waveform data saved to file /home/casager/repos/verilog-ethernet/example/Arty/fpga/fpga/fpga.hw/backup/hw_ila_data_1.ila. Use Tcl command 'read_hw_ila_data' or Vivado File->Import->Import ILA Data menu item to import the previously saved data.
run_hw_ila [get_hw_ilas -of_objects [get_hw_devices xc7a100t_0] -filter {CELL_NAME=~"u_ila_0"}]
INFO: [Labtools 27-1964] The ILA core 'hw_ila_1' trigger was armed at 2024-Oct-22 23:40:52
wait_on_hw_ila [get_hw_ilas -of_objects [get_hw_devices xc7a100t_0] -filter {CELL_NAME=~"u_ila_0"}]
display_hw_ila_data [upload_hw_ila_data [get_hw_ilas -of_objects [get_hw_devices xc7a100t_0] -filter {CELL_NAME=~"u_ila_0"}]]
INFO: [Labtools 27-1966] The ILA core 'hw_ila_1' triggered at 2024-Oct-22 23:40:52
INFO: [Labtools 27-3304] ILA Waveform data saved to file /home/casager/repos/verilog-ethernet/example/Arty/fpga/fpga/fpga.hw/backup/hw_ila_data_1.ila. Use Tcl command 'read_hw_ila_data' or Vivado File->Import->Import ILA Data menu item to import the previously saved data.
run_hw_ila [get_hw_ilas -of_objects [get_hw_devices xc7a100t_0] -filter {CELL_NAME=~"u_ila_0"}]
INFO: [Labtools 27-1964] The ILA core 'hw_ila_1' trigger was armed at 2024-Oct-22 23:40:55
wait_on_hw_ila [get_hw_ilas -of_objects [get_hw_devices xc7a100t_0] -filter {CELL_NAME=~"u_ila_0"}]
display_hw_ila_data [upload_hw_ila_data [get_hw_ilas -of_objects [get_hw_devices xc7a100t_0] -filter {CELL_NAME=~"u_ila_0"}]]
INFO: [Labtools 27-1966] The ILA core 'hw_ila_1' triggered at 2024-Oct-22 23:40:55
INFO: [Labtools 27-3304] ILA Waveform data saved to file /home/casager/repos/verilog-ethernet/example/Arty/fpga/fpga/fpga.hw/backup/hw_ila_data_1.ila. Use Tcl command 'read_hw_ila_data' or Vivado File->Import->Import ILA Data menu item to import the previously saved data.
run_hw_ila [get_hw_ilas -of_objects [get_hw_devices xc7a100t_0] -filter {CELL_NAME=~"u_ila_0"}]
INFO: [Labtools 27-1964] The ILA core 'hw_ila_1' trigger was armed at 2024-Oct-22 23:40:59
wait_on_hw_ila [get_hw_ilas -of_objects [get_hw_devices xc7a100t_0] -filter {CELL_NAME=~"u_ila_0"}]
display_hw_ila_data [upload_hw_ila_data [get_hw_ilas -of_objects [get_hw_devices xc7a100t_0] -filter {CELL_NAME=~"u_ila_0"}]]
INFO: [Labtools 27-1966] The ILA core 'hw_ila_1' triggered at 2024-Oct-22 23:40:59
INFO: [Labtools 27-3304] ILA Waveform data saved to file /home/casager/repos/verilog-ethernet/example/Arty/fpga/fpga/fpga.hw/backup/hw_ila_data_1.ila. Use Tcl command 'read_hw_ila_data' or Vivado File->Import->Import ILA Data menu item to import the previously saved data.
run_hw_ila [get_hw_ilas -of_objects [get_hw_devices xc7a100t_0] -filter {CELL_NAME=~"u_ila_0"}]
INFO: [Labtools 27-1964] The ILA core 'hw_ila_1' trigger was armed at 2024-Oct-22 23:41:02
wait_on_hw_ila [get_hw_ilas -of_objects [get_hw_devices xc7a100t_0] -filter {CELL_NAME=~"u_ila_0"}]
display_hw_ila_data [upload_hw_ila_data [get_hw_ilas -of_objects [get_hw_devices xc7a100t_0] -filter {CELL_NAME=~"u_ila_0"}]]
INFO: [Labtools 27-1966] The ILA core 'hw_ila_1' triggered at 2024-Oct-22 23:41:02
INFO: [Labtools 27-3304] ILA Waveform data saved to file /home/casager/repos/verilog-ethernet/example/Arty/fpga/fpga/fpga.hw/backup/hw_ila_data_1.ila. Use Tcl command 'read_hw_ila_data' or Vivado File->Import->Import ILA Data menu item to import the previously saved data.
run_hw_ila [get_hw_ilas -of_objects [get_hw_devices xc7a100t_0] -filter {CELL_NAME=~"u_ila_0"}]
INFO: [Labtools 27-1964] The ILA core 'hw_ila_1' trigger was armed at 2024-Oct-22 23:41:05
wait_on_hw_ila [get_hw_ilas -of_objects [get_hw_devices xc7a100t_0] -filter {CELL_NAME=~"u_ila_0"}]
display_hw_ila_data [upload_hw_ila_data [get_hw_ilas -of_objects [get_hw_devices xc7a100t_0] -filter {CELL_NAME=~"u_ila_0"}]]
INFO: [Labtools 27-1966] The ILA core 'hw_ila_1' triggered at 2024-Oct-22 23:41:05
INFO: [Labtools 27-3304] ILA Waveform data saved to file /home/casager/repos/verilog-ethernet/example/Arty/fpga/fpga/fpga.hw/backup/hw_ila_data_1.ila. Use Tcl command 'read_hw_ila_data' or Vivado File->Import->Import ILA Data menu item to import the previously saved data.
run_hw_ila [get_hw_ilas -of_objects [get_hw_devices xc7a100t_0] -filter {CELL_NAME=~"u_ila_0"}]
INFO: [Labtools 27-1964] The ILA core 'hw_ila_1' trigger was armed at 2024-Oct-22 23:41:09
wait_on_hw_ila [get_hw_ilas -of_objects [get_hw_devices xc7a100t_0] -filter {CELL_NAME=~"u_ila_0"}]
display_hw_ila_data [upload_hw_ila_data [get_hw_ilas -of_objects [get_hw_devices xc7a100t_0] -filter {CELL_NAME=~"u_ila_0"}]]
INFO: [Labtools 27-1966] The ILA core 'hw_ila_1' triggered at 2024-Oct-22 23:41:09
INFO: [Labtools 27-3304] ILA Waveform data saved to file /home/casager/repos/verilog-ethernet/example/Arty/fpga/fpga/fpga.hw/backup/hw_ila_data_1.ila. Use Tcl command 'read_hw_ila_data' or Vivado File->Import->Import ILA Data menu item to import the previously saved data.
run_hw_ila [get_hw_ilas -of_objects [get_hw_devices xc7a100t_0] -filter {CELL_NAME=~"u_ila_0"}]
INFO: [Labtools 27-1964] The ILA core 'hw_ila_1' trigger was armed at 2024-Oct-22 23:41:12
wait_on_hw_ila [get_hw_ilas -of_objects [get_hw_devices xc7a100t_0] -filter {CELL_NAME=~"u_ila_0"}]
display_hw_ila_data [upload_hw_ila_data [get_hw_ilas -of_objects [get_hw_devices xc7a100t_0] -filter {CELL_NAME=~"u_ila_0"}]]
INFO: [Labtools 27-1966] The ILA core 'hw_ila_1' triggered at 2024-Oct-22 23:41:12
INFO: [Labtools 27-3304] ILA Waveform data saved to file /home/casager/repos/verilog-ethernet/example/Arty/fpga/fpga/fpga.hw/backup/hw_ila_data_1.ila. Use Tcl command 'read_hw_ila_data' or Vivado File->Import->Import ILA Data menu item to import the previously saved data.
run_hw_ila [get_hw_ilas -of_objects [get_hw_devices xc7a100t_0] -filter {CELL_NAME=~"u_ila_0"}]
INFO: [Labtools 27-1964] The ILA core 'hw_ila_1' trigger was armed at 2024-Oct-22 23:41:15
wait_on_hw_ila [get_hw_ilas -of_objects [get_hw_devices xc7a100t_0] -filter {CELL_NAME=~"u_ila_0"}]
display_hw_ila_data [upload_hw_ila_data [get_hw_ilas -of_objects [get_hw_devices xc7a100t_0] -filter {CELL_NAME=~"u_ila_0"}]]
INFO: [Labtools 27-1966] The ILA core 'hw_ila_1' triggered at 2024-Oct-22 23:41:15
INFO: [Labtools 27-3304] ILA Waveform data saved to file /home/casager/repos/verilog-ethernet/example/Arty/fpga/fpga/fpga.hw/backup/hw_ila_data_1.ila. Use Tcl command 'read_hw_ila_data' or Vivado File->Import->Import ILA Data menu item to import the previously saved data.
run_hw_ila [get_hw_ilas -of_objects [get_hw_devices xc7a100t_0] -filter {CELL_NAME=~"u_ila_0"}]
INFO: [Labtools 27-1964] The ILA core 'hw_ila_1' trigger was armed at 2024-Oct-22 23:41:19
wait_on_hw_ila [get_hw_ilas -of_objects [get_hw_devices xc7a100t_0] -filter {CELL_NAME=~"u_ila_0"}]
display_hw_ila_data [upload_hw_ila_data [get_hw_ilas -of_objects [get_hw_devices xc7a100t_0] -filter {CELL_NAME=~"u_ila_0"}]]
INFO: [Labtools 27-1966] The ILA core 'hw_ila_1' triggered at 2024-Oct-22 23:41:19
INFO: [Labtools 27-3304] ILA Waveform data saved to file /home/casager/repos/verilog-ethernet/example/Arty/fpga/fpga/fpga.hw/backup/hw_ila_data_1.ila. Use Tcl command 'read_hw_ila_data' or Vivado File->Import->Import ILA Data menu item to import the previously saved data.
run_hw_ila [get_hw_ilas -of_objects [get_hw_devices xc7a100t_0] -filter {CELL_NAME=~"u_ila_0"}]
INFO: [Labtools 27-1964] The ILA core 'hw_ila_1' trigger was armed at 2024-Oct-22 23:41:22
wait_on_hw_ila [get_hw_ilas -of_objects [get_hw_devices xc7a100t_0] -filter {CELL_NAME=~"u_ila_0"}]
display_hw_ila_data [upload_hw_ila_data [get_hw_ilas -of_objects [get_hw_devices xc7a100t_0] -filter {CELL_NAME=~"u_ila_0"}]]
INFO: [Labtools 27-1966] The ILA core 'hw_ila_1' triggered at 2024-Oct-22 23:41:22
INFO: [Labtools 27-3304] ILA Waveform data saved to file /home/casager/repos/verilog-ethernet/example/Arty/fpga/fpga/fpga.hw/backup/hw_ila_data_1.ila. Use Tcl command 'read_hw_ila_data' or Vivado File->Import->Import ILA Data menu item to import the previously saved data.
run_hw_ila [get_hw_ilas -of_objects [get_hw_devices xc7a100t_0] -filter {CELL_NAME=~"u_ila_0"}]
INFO: [Labtools 27-1964] The ILA core 'hw_ila_1' trigger was armed at 2024-Oct-22 23:41:25
wait_on_hw_ila [get_hw_ilas -of_objects [get_hw_devices xc7a100t_0] -filter {CELL_NAME=~"u_ila_0"}]
display_hw_ila_data [upload_hw_ila_data [get_hw_ilas -of_objects [get_hw_devices xc7a100t_0] -filter {CELL_NAME=~"u_ila_0"}]]
INFO: [Labtools 27-1966] The ILA core 'hw_ila_1' triggered at 2024-Oct-22 23:41:25
INFO: [Labtools 27-3304] ILA Waveform data saved to file /home/casager/repos/verilog-ethernet/example/Arty/fpga/fpga/fpga.hw/backup/hw_ila_data_1.ila. Use Tcl command 'read_hw_ila_data' or Vivado File->Import->Import ILA Data menu item to import the previously saved data.
run_hw_ila [get_hw_ilas -of_objects [get_hw_devices xc7a100t_0] -filter {CELL_NAME=~"u_ila_0"}]
INFO: [Labtools 27-1964] The ILA core 'hw_ila_1' trigger was armed at 2024-Oct-22 23:41:29
wait_on_hw_ila [get_hw_ilas -of_objects [get_hw_devices xc7a100t_0] -filter {CELL_NAME=~"u_ila_0"}]
display_hw_ila_data [upload_hw_ila_data [get_hw_ilas -of_objects [get_hw_devices xc7a100t_0] -filter {CELL_NAME=~"u_ila_0"}]]
INFO: [Labtools 27-1966] The ILA core 'hw_ila_1' triggered at 2024-Oct-22 23:41:29
INFO: [Labtools 27-3304] ILA Waveform data saved to file /home/casager/repos/verilog-ethernet/example/Arty/fpga/fpga/fpga.hw/backup/hw_ila_data_1.ila. Use Tcl command 'read_hw_ila_data' or Vivado File->Import->Import ILA Data menu item to import the previously saved data.
run_hw_ila [get_hw_ilas -of_objects [get_hw_devices xc7a100t_0] -filter {CELL_NAME=~"u_ila_0"}]
INFO: [Labtools 27-1964] The ILA core 'hw_ila_1' trigger was armed at 2024-Oct-22 23:41:32
wait_on_hw_ila [get_hw_ilas -of_objects [get_hw_devices xc7a100t_0] -filter {CELL_NAME=~"u_ila_0"}]
display_hw_ila_data [upload_hw_ila_data [get_hw_ilas -of_objects [get_hw_devices xc7a100t_0] -filter {CELL_NAME=~"u_ila_0"}]]
INFO: [Labtools 27-1966] The ILA core 'hw_ila_1' triggered at 2024-Oct-22 23:41:32
INFO: [Labtools 27-3304] ILA Waveform data saved to file /home/casager/repos/verilog-ethernet/example/Arty/fpga/fpga/fpga.hw/backup/hw_ila_data_1.ila. Use Tcl command 'read_hw_ila_data' or Vivado File->Import->Import ILA Data menu item to import the previously saved data.
run_hw_ila [get_hw_ilas -of_objects [get_hw_devices xc7a100t_0] -filter {CELL_NAME=~"u_ila_0"}]
INFO: [Labtools 27-1964] The ILA core 'hw_ila_1' trigger was armed at 2024-Oct-22 23:41:35
wait_on_hw_ila [get_hw_ilas -of_objects [get_hw_devices xc7a100t_0] -filter {CELL_NAME=~"u_ila_0"}]
display_hw_ila_data [upload_hw_ila_data [get_hw_ilas -of_objects [get_hw_devices xc7a100t_0] -filter {CELL_NAME=~"u_ila_0"}]]
INFO: [Labtools 27-1966] The ILA core 'hw_ila_1' triggered at 2024-Oct-22 23:41:35
INFO: [Labtools 27-3304] ILA Waveform data saved to file /home/casager/repos/verilog-ethernet/example/Arty/fpga/fpga/fpga.hw/backup/hw_ila_data_1.ila. Use Tcl command 'read_hw_ila_data' or Vivado File->Import->Import ILA Data menu item to import the previously saved data.
run_hw_ila [get_hw_ilas -of_objects [get_hw_devices xc7a100t_0] -filter {CELL_NAME=~"u_ila_0"}]
INFO: [Labtools 27-1964] The ILA core 'hw_ila_1' trigger was armed at 2024-Oct-22 23:41:38
wait_on_hw_ila [get_hw_ilas -of_objects [get_hw_devices xc7a100t_0] -filter {CELL_NAME=~"u_ila_0"}]
display_hw_ila_data [upload_hw_ila_data [get_hw_ilas -of_objects [get_hw_devices xc7a100t_0] -filter {CELL_NAME=~"u_ila_0"}]]
INFO: [Labtools 27-1966] The ILA core 'hw_ila_1' triggered at 2024-Oct-22 23:41:38
INFO: [Labtools 27-3304] ILA Waveform data saved to file /home/casager/repos/verilog-ethernet/example/Arty/fpga/fpga/fpga.hw/backup/hw_ila_data_1.ila. Use Tcl command 'read_hw_ila_data' or Vivado File->Import->Import ILA Data menu item to import the previously saved data.
run_hw_ila [get_hw_ilas -of_objects [get_hw_devices xc7a100t_0] -filter {CELL_NAME=~"u_ila_0"}]
INFO: [Labtools 27-1964] The ILA core 'hw_ila_1' trigger was armed at 2024-Oct-22 23:41:42
wait_on_hw_ila [get_hw_ilas -of_objects [get_hw_devices xc7a100t_0] -filter {CELL_NAME=~"u_ila_0"}]
display_hw_ila_data [upload_hw_ila_data [get_hw_ilas -of_objects [get_hw_devices xc7a100t_0] -filter {CELL_NAME=~"u_ila_0"}]]
INFO: [Labtools 27-1966] The ILA core 'hw_ila_1' triggered at 2024-Oct-22 23:41:42
INFO: [Labtools 27-3304] ILA Waveform data saved to file /home/casager/repos/verilog-ethernet/example/Arty/fpga/fpga/fpga.hw/backup/hw_ila_data_1.ila. Use Tcl command 'read_hw_ila_data' or Vivado File->Import->Import ILA Data menu item to import the previously saved data.
run_hw_ila [get_hw_ilas -of_objects [get_hw_devices xc7a100t_0] -filter {CELL_NAME=~"u_ila_0"}]
INFO: [Labtools 27-1964] The ILA core 'hw_ila_1' trigger was armed at 2024-Oct-22 23:41:45
wait_on_hw_ila [get_hw_ilas -of_objects [get_hw_devices xc7a100t_0] -filter {CELL_NAME=~"u_ila_0"}]
display_hw_ila_data [upload_hw_ila_data [get_hw_ilas -of_objects [get_hw_devices xc7a100t_0] -filter {CELL_NAME=~"u_ila_0"}]]
INFO: [Labtools 27-1966] The ILA core 'hw_ila_1' triggered at 2024-Oct-22 23:41:45
INFO: [Labtools 27-3304] ILA Waveform data saved to file /home/casager/repos/verilog-ethernet/example/Arty/fpga/fpga/fpga.hw/backup/hw_ila_data_1.ila. Use Tcl command 'read_hw_ila_data' or Vivado File->Import->Import ILA Data menu item to import the previously saved data.
run_hw_ila [get_hw_ilas -of_objects [get_hw_devices xc7a100t_0] -filter {CELL_NAME=~"u_ila_0"}]
INFO: [Labtools 27-1964] The ILA core 'hw_ila_1' trigger was armed at 2024-Oct-22 23:41:48
wait_on_hw_ila [get_hw_ilas -of_objects [get_hw_devices xc7a100t_0] -filter {CELL_NAME=~"u_ila_0"}]
display_hw_ila_data [upload_hw_ila_data [get_hw_ilas -of_objects [get_hw_devices xc7a100t_0] -filter {CELL_NAME=~"u_ila_0"}]]
INFO: [Labtools 27-1966] The ILA core 'hw_ila_1' triggered at 2024-Oct-22 23:41:48
INFO: [Labtools 27-3304] ILA Waveform data saved to file /home/casager/repos/verilog-ethernet/example/Arty/fpga/fpga/fpga.hw/backup/hw_ila_data_1.ila. Use Tcl command 'read_hw_ila_data' or Vivado File->Import->Import ILA Data menu item to import the previously saved data.
run_hw_ila [get_hw_ilas -of_objects [get_hw_devices xc7a100t_0] -filter {CELL_NAME=~"u_ila_0"}]
INFO: [Labtools 27-1964] The ILA core 'hw_ila_1' trigger was armed at 2024-Oct-22 23:41:52
wait_on_hw_ila [get_hw_ilas -of_objects [get_hw_devices xc7a100t_0] -filter {CELL_NAME=~"u_ila_0"}]
display_hw_ila_data [upload_hw_ila_data [get_hw_ilas -of_objects [get_hw_devices xc7a100t_0] -filter {CELL_NAME=~"u_ila_0"}]]
INFO: [Labtools 27-1966] The ILA core 'hw_ila_1' triggered at 2024-Oct-22 23:41:52
INFO: [Labtools 27-3304] ILA Waveform data saved to file /home/casager/repos/verilog-ethernet/example/Arty/fpga/fpga/fpga.hw/backup/hw_ila_data_1.ila. Use Tcl command 'read_hw_ila_data' or Vivado File->Import->Import ILA Data menu item to import the previously saved data.
run_hw_ila [get_hw_ilas -of_objects [get_hw_devices xc7a100t_0] -filter {CELL_NAME=~"u_ila_0"}]
INFO: [Labtools 27-1964] The ILA core 'hw_ila_1' trigger was armed at 2024-Oct-22 23:41:55
wait_on_hw_ila [get_hw_ilas -of_objects [get_hw_devices xc7a100t_0] -filter {CELL_NAME=~"u_ila_0"}]
display_hw_ila_data [upload_hw_ila_data [get_hw_ilas -of_objects [get_hw_devices xc7a100t_0] -filter {CELL_NAME=~"u_ila_0"}]]
INFO: [Labtools 27-1966] The ILA core 'hw_ila_1' triggered at 2024-Oct-22 23:41:55
INFO: [Labtools 27-3304] ILA Waveform data saved to file /home/casager/repos/verilog-ethernet/example/Arty/fpga/fpga/fpga.hw/backup/hw_ila_data_1.ila. Use Tcl command 'read_hw_ila_data' or Vivado File->Import->Import ILA Data menu item to import the previously saved data.
run_hw_ila [get_hw_ilas -of_objects [get_hw_devices xc7a100t_0] -filter {CELL_NAME=~"u_ila_0"}]
INFO: [Labtools 27-1964] The ILA core 'hw_ila_1' trigger was armed at 2024-Oct-22 23:41:58
wait_on_hw_ila [get_hw_ilas -of_objects [get_hw_devices xc7a100t_0] -filter {CELL_NAME=~"u_ila_0"}]
display_hw_ila_data [upload_hw_ila_data [get_hw_ilas -of_objects [get_hw_devices xc7a100t_0] -filter {CELL_NAME=~"u_ila_0"}]]
INFO: [Labtools 27-1966] The ILA core 'hw_ila_1' triggered at 2024-Oct-22 23:41:58
INFO: [Labtools 27-3304] ILA Waveform data saved to file /home/casager/repos/verilog-ethernet/example/Arty/fpga/fpga/fpga.hw/backup/hw_ila_data_1.ila. Use Tcl command 'read_hw_ila_data' or Vivado File->Import->Import ILA Data menu item to import the previously saved data.
run_hw_ila [get_hw_ilas -of_objects [get_hw_devices xc7a100t_0] -filter {CELL_NAME=~"u_ila_0"}]
INFO: [Labtools 27-1964] The ILA core 'hw_ila_1' trigger was armed at 2024-Oct-22 23:42:02
wait_on_hw_ila [get_hw_ilas -of_objects [get_hw_devices xc7a100t_0] -filter {CELL_NAME=~"u_ila_0"}]
display_hw_ila_data [upload_hw_ila_data [get_hw_ilas -of_objects [get_hw_devices xc7a100t_0] -filter {CELL_NAME=~"u_ila_0"}]]
INFO: [Labtools 27-1966] The ILA core 'hw_ila_1' triggered at 2024-Oct-22 23:42:02
INFO: [Labtools 27-3304] ILA Waveform data saved to file /home/casager/repos/verilog-ethernet/example/Arty/fpga/fpga/fpga.hw/backup/hw_ila_data_1.ila. Use Tcl command 'read_hw_ila_data' or Vivado File->Import->Import ILA Data menu item to import the previously saved data.
run_hw_ila [get_hw_ilas -of_objects [get_hw_devices xc7a100t_0] -filter {CELL_NAME=~"u_ila_0"}]
INFO: [Labtools 27-1964] The ILA core 'hw_ila_1' trigger was armed at 2024-Oct-22 23:42:05
wait_on_hw_ila [get_hw_ilas -of_objects [get_hw_devices xc7a100t_0] -filter {CELL_NAME=~"u_ila_0"}]
display_hw_ila_data [upload_hw_ila_data [get_hw_ilas -of_objects [get_hw_devices xc7a100t_0] -filter {CELL_NAME=~"u_ila_0"}]]
INFO: [Labtools 27-1966] The ILA core 'hw_ila_1' triggered at 2024-Oct-22 23:42:05
INFO: [Labtools 27-3304] ILA Waveform data saved to file /home/casager/repos/verilog-ethernet/example/Arty/fpga/fpga/fpga.hw/backup/hw_ila_data_1.ila. Use Tcl command 'read_hw_ila_data' or Vivado File->Import->Import ILA Data menu item to import the previously saved data.
run_hw_ila [get_hw_ilas -of_objects [get_hw_devices xc7a100t_0] -filter {CELL_NAME=~"u_ila_0"}]
INFO: [Labtools 27-1964] The ILA core 'hw_ila_1' trigger was armed at 2024-Oct-22 23:42:08
wait_on_hw_ila [get_hw_ilas -of_objects [get_hw_devices xc7a100t_0] -filter {CELL_NAME=~"u_ila_0"}]
display_hw_ila_data [upload_hw_ila_data [get_hw_ilas -of_objects [get_hw_devices xc7a100t_0] -filter {CELL_NAME=~"u_ila_0"}]]
INFO: [Labtools 27-1966] The ILA core 'hw_ila_1' triggered at 2024-Oct-22 23:42:08
INFO: [Labtools 27-3304] ILA Waveform data saved to file /home/casager/repos/verilog-ethernet/example/Arty/fpga/fpga/fpga.hw/backup/hw_ila_data_1.ila. Use Tcl command 'read_hw_ila_data' or Vivado File->Import->Import ILA Data menu item to import the previously saved data.
run_hw_ila [get_hw_ilas -of_objects [get_hw_devices xc7a100t_0] -filter {CELL_NAME=~"u_ila_0"}]
INFO: [Labtools 27-1964] The ILA core 'hw_ila_1' trigger was armed at 2024-Oct-22 23:42:11
wait_on_hw_ila [get_hw_ilas -of_objects [get_hw_devices xc7a100t_0] -filter {CELL_NAME=~"u_ila_0"}]
display_hw_ila_data [upload_hw_ila_data [get_hw_ilas -of_objects [get_hw_devices xc7a100t_0] -filter {CELL_NAME=~"u_ila_0"}]]
INFO: [Labtools 27-1966] The ILA core 'hw_ila_1' triggered at 2024-Oct-22 23:42:11
INFO: [Labtools 27-3304] ILA Waveform data saved to file /home/casager/repos/verilog-ethernet/example/Arty/fpga/fpga/fpga.hw/backup/hw_ila_data_1.ila. Use Tcl command 'read_hw_ila_data' or Vivado File->Import->Import ILA Data menu item to import the previously saved data.
run_hw_ila [get_hw_ilas -of_objects [get_hw_devices xc7a100t_0] -filter {CELL_NAME=~"u_ila_0"}]
INFO: [Labtools 27-1964] The ILA core 'hw_ila_1' trigger was armed at 2024-Oct-22 23:42:15
wait_on_hw_ila [get_hw_ilas -of_objects [get_hw_devices xc7a100t_0] -filter {CELL_NAME=~"u_ila_0"}]
display_hw_ila_data [upload_hw_ila_data [get_hw_ilas -of_objects [get_hw_devices xc7a100t_0] -filter {CELL_NAME=~"u_ila_0"}]]
INFO: [Labtools 27-1966] The ILA core 'hw_ila_1' triggered at 2024-Oct-22 23:42:15
INFO: [Labtools 27-3304] ILA Waveform data saved to file /home/casager/repos/verilog-ethernet/example/Arty/fpga/fpga/fpga.hw/backup/hw_ila_data_1.ila. Use Tcl command 'read_hw_ila_data' or Vivado File->Import->Import ILA Data menu item to import the previously saved data.
run_hw_ila [get_hw_ilas -of_objects [get_hw_devices xc7a100t_0] -filter {CELL_NAME=~"u_ila_0"}]
INFO: [Labtools 27-1964] The ILA core 'hw_ila_1' trigger was armed at 2024-Oct-22 23:42:18
wait_on_hw_ila [get_hw_ilas -of_objects [get_hw_devices xc7a100t_0] -filter {CELL_NAME=~"u_ila_0"}]
display_hw_ila_data [upload_hw_ila_data [get_hw_ilas -of_objects [get_hw_devices xc7a100t_0] -filter {CELL_NAME=~"u_ila_0"}]]
INFO: [Labtools 27-1966] The ILA core 'hw_ila_1' triggered at 2024-Oct-22 23:42:18
INFO: [Labtools 27-3304] ILA Waveform data saved to file /home/casager/repos/verilog-ethernet/example/Arty/fpga/fpga/fpga.hw/backup/hw_ila_data_1.ila. Use Tcl command 'read_hw_ila_data' or Vivado File->Import->Import ILA Data menu item to import the previously saved data.
run_hw_ila [get_hw_ilas -of_objects [get_hw_devices xc7a100t_0] -filter {CELL_NAME=~"u_ila_0"}]
INFO: [Labtools 27-1964] The ILA core 'hw_ila_1' trigger was armed at 2024-Oct-22 23:42:21
wait_on_hw_ila [get_hw_ilas -of_objects [get_hw_devices xc7a100t_0] -filter {CELL_NAME=~"u_ila_0"}]
display_hw_ila_data [upload_hw_ila_data [get_hw_ilas -of_objects [get_hw_devices xc7a100t_0] -filter {CELL_NAME=~"u_ila_0"}]]
INFO: [Labtools 27-1966] The ILA core 'hw_ila_1' triggered at 2024-Oct-22 23:42:21
INFO: [Labtools 27-3304] ILA Waveform data saved to file /home/casager/repos/verilog-ethernet/example/Arty/fpga/fpga/fpga.hw/backup/hw_ila_data_1.ila. Use Tcl command 'read_hw_ila_data' or Vivado File->Import->Import ILA Data menu item to import the previously saved data.
run_hw_ila [get_hw_ilas -of_objects [get_hw_devices xc7a100t_0] -filter {CELL_NAME=~"u_ila_0"}]
INFO: [Labtools 27-1964] The ILA core 'hw_ila_1' trigger was armed at 2024-Oct-22 23:42:25
wait_on_hw_ila [get_hw_ilas -of_objects [get_hw_devices xc7a100t_0] -filter {CELL_NAME=~"u_ila_0"}]
display_hw_ila_data [upload_hw_ila_data [get_hw_ilas -of_objects [get_hw_devices xc7a100t_0] -filter {CELL_NAME=~"u_ila_0"}]]
INFO: [Labtools 27-1966] The ILA core 'hw_ila_1' triggered at 2024-Oct-22 23:42:25
INFO: [Labtools 27-3304] ILA Waveform data saved to file /home/casager/repos/verilog-ethernet/example/Arty/fpga/fpga/fpga.hw/backup/hw_ila_data_1.ila. Use Tcl command 'read_hw_ila_data' or Vivado File->Import->Import ILA Data menu item to import the previously saved data.
run_hw_ila [get_hw_ilas -of_objects [get_hw_devices xc7a100t_0] -filter {CELL_NAME=~"u_ila_0"}]
INFO: [Labtools 27-1964] The ILA core 'hw_ila_1' trigger was armed at 2024-Oct-22 23:42:28
wait_on_hw_ila [get_hw_ilas -of_objects [get_hw_devices xc7a100t_0] -filter {CELL_NAME=~"u_ila_0"}]
display_hw_ila_data [upload_hw_ila_data [get_hw_ilas -of_objects [get_hw_devices xc7a100t_0] -filter {CELL_NAME=~"u_ila_0"}]]
INFO: [Labtools 27-1966] The ILA core 'hw_ila_1' triggered at 2024-Oct-22 23:42:28
INFO: [Labtools 27-3304] ILA Waveform data saved to file /home/casager/repos/verilog-ethernet/example/Arty/fpga/fpga/fpga.hw/backup/hw_ila_data_1.ila. Use Tcl command 'read_hw_ila_data' or Vivado File->Import->Import ILA Data menu item to import the previously saved data.
run_hw_ila [get_hw_ilas -of_objects [get_hw_devices xc7a100t_0] -filter {CELL_NAME=~"u_ila_0"}]
INFO: [Labtools 27-1964] The ILA core 'hw_ila_1' trigger was armed at 2024-Oct-22 23:42:31
wait_on_hw_ila [get_hw_ilas -of_objects [get_hw_devices xc7a100t_0] -filter {CELL_NAME=~"u_ila_0"}]
display_hw_ila_data [upload_hw_ila_data [get_hw_ilas -of_objects [get_hw_devices xc7a100t_0] -filter {CELL_NAME=~"u_ila_0"}]]
INFO: [Labtools 27-1966] The ILA core 'hw_ila_1' triggered at 2024-Oct-22 23:42:31
INFO: [Labtools 27-3304] ILA Waveform data saved to file /home/casager/repos/verilog-ethernet/example/Arty/fpga/fpga/fpga.hw/backup/hw_ila_data_1.ila. Use Tcl command 'read_hw_ila_data' or Vivado File->Import->Import ILA Data menu item to import the previously saved data.
run_hw_ila [get_hw_ilas -of_objects [get_hw_devices xc7a100t_0] -filter {CELL_NAME=~"u_ila_0"}]
INFO: [Labtools 27-1964] The ILA core 'hw_ila_1' trigger was armed at 2024-Oct-22 23:42:35
wait_on_hw_ila [get_hw_ilas -of_objects [get_hw_devices xc7a100t_0] -filter {CELL_NAME=~"u_ila_0"}]
display_hw_ila_data [upload_hw_ila_data [get_hw_ilas -of_objects [get_hw_devices xc7a100t_0] -filter {CELL_NAME=~"u_ila_0"}]]
INFO: [Labtools 27-1966] The ILA core 'hw_ila_1' triggered at 2024-Oct-22 23:42:35
INFO: [Labtools 27-3304] ILA Waveform data saved to file /home/casager/repos/verilog-ethernet/example/Arty/fpga/fpga/fpga.hw/backup/hw_ila_data_1.ila. Use Tcl command 'read_hw_ila_data' or Vivado File->Import->Import ILA Data menu item to import the previously saved data.
run_hw_ila [get_hw_ilas -of_objects [get_hw_devices xc7a100t_0] -filter {CELL_NAME=~"u_ila_0"}]
INFO: [Labtools 27-1964] The ILA core 'hw_ila_1' trigger was armed at 2024-Oct-22 23:42:38
wait_on_hw_ila [get_hw_ilas -of_objects [get_hw_devices xc7a100t_0] -filter {CELL_NAME=~"u_ila_0"}]
display_hw_ila_data [upload_hw_ila_data [get_hw_ilas -of_objects [get_hw_devices xc7a100t_0] -filter {CELL_NAME=~"u_ila_0"}]]
INFO: [Labtools 27-1966] The ILA core 'hw_ila_1' triggered at 2024-Oct-22 23:42:38
INFO: [Labtools 27-3304] ILA Waveform data saved to file /home/casager/repos/verilog-ethernet/example/Arty/fpga/fpga/fpga.hw/backup/hw_ila_data_1.ila. Use Tcl command 'read_hw_ila_data' or Vivado File->Import->Import ILA Data menu item to import the previously saved data.
run_hw_ila [get_hw_ilas -of_objects [get_hw_devices xc7a100t_0] -filter {CELL_NAME=~"u_ila_0"}]
INFO: [Labtools 27-1964] The ILA core 'hw_ila_1' trigger was armed at 2024-Oct-22 23:42:41
wait_on_hw_ila [get_hw_ilas -of_objects [get_hw_devices xc7a100t_0] -filter {CELL_NAME=~"u_ila_0"}]
display_hw_ila_data [upload_hw_ila_data [get_hw_ilas -of_objects [get_hw_devices xc7a100t_0] -filter {CELL_NAME=~"u_ila_0"}]]
INFO: [Labtools 27-1966] The ILA core 'hw_ila_1' triggered at 2024-Oct-22 23:42:41
INFO: [Labtools 27-3304] ILA Waveform data saved to file /home/casager/repos/verilog-ethernet/example/Arty/fpga/fpga/fpga.hw/backup/hw_ila_data_1.ila. Use Tcl command 'read_hw_ila_data' or Vivado File->Import->Import ILA Data menu item to import the previously saved data.
run_hw_ila [get_hw_ilas -of_objects [get_hw_devices xc7a100t_0] -filter {CELL_NAME=~"u_ila_0"}]
INFO: [Labtools 27-1964] The ILA core 'hw_ila_1' trigger was armed at 2024-Oct-22 23:42:45
wait_on_hw_ila [get_hw_ilas -of_objects [get_hw_devices xc7a100t_0] -filter {CELL_NAME=~"u_ila_0"}]
display_hw_ila_data [upload_hw_ila_data [get_hw_ilas -of_objects [get_hw_devices xc7a100t_0] -filter {CELL_NAME=~"u_ila_0"}]]
INFO: [Labtools 27-1966] The ILA core 'hw_ila_1' triggered at 2024-Oct-22 23:42:45
INFO: [Labtools 27-3304] ILA Waveform data saved to file /home/casager/repos/verilog-ethernet/example/Arty/fpga/fpga/fpga.hw/backup/hw_ila_data_1.ila. Use Tcl command 'read_hw_ila_data' or Vivado File->Import->Import ILA Data menu item to import the previously saved data.
run_hw_ila [get_hw_ilas -of_objects [get_hw_devices xc7a100t_0] -filter {CELL_NAME=~"u_ila_0"}]
INFO: [Labtools 27-1964] The ILA core 'hw_ila_1' trigger was armed at 2024-Oct-22 23:42:48
wait_on_hw_ila [get_hw_ilas -of_objects [get_hw_devices xc7a100t_0] -filter {CELL_NAME=~"u_ila_0"}]
display_hw_ila_data [upload_hw_ila_data [get_hw_ilas -of_objects [get_hw_devices xc7a100t_0] -filter {CELL_NAME=~"u_ila_0"}]]
INFO: [Labtools 27-1966] The ILA core 'hw_ila_1' triggered at 2024-Oct-22 23:42:48
INFO: [Labtools 27-3304] ILA Waveform data saved to file /home/casager/repos/verilog-ethernet/example/Arty/fpga/fpga/fpga.hw/backup/hw_ila_data_1.ila. Use Tcl command 'read_hw_ila_data' or Vivado File->Import->Import ILA Data menu item to import the previously saved data.
run_hw_ila [get_hw_ilas -of_objects [get_hw_devices xc7a100t_0] -filter {CELL_NAME=~"u_ila_0"}]
INFO: [Labtools 27-1964] The ILA core 'hw_ila_1' trigger was armed at 2024-Oct-22 23:42:51
wait_on_hw_ila [get_hw_ilas -of_objects [get_hw_devices xc7a100t_0] -filter {CELL_NAME=~"u_ila_0"}]
display_hw_ila_data [upload_hw_ila_data [get_hw_ilas -of_objects [get_hw_devices xc7a100t_0] -filter {CELL_NAME=~"u_ila_0"}]]
INFO: [Labtools 27-1966] The ILA core 'hw_ila_1' triggered at 2024-Oct-22 23:42:51
INFO: [Labtools 27-3304] ILA Waveform data saved to file /home/casager/repos/verilog-ethernet/example/Arty/fpga/fpga/fpga.hw/backup/hw_ila_data_1.ila. Use Tcl command 'read_hw_ila_data' or Vivado File->Import->Import ILA Data menu item to import the previously saved data.
run_hw_ila [get_hw_ilas -of_objects [get_hw_devices xc7a100t_0] -filter {CELL_NAME=~"u_ila_0"}]
INFO: [Labtools 27-1964] The ILA core 'hw_ila_1' trigger was armed at 2024-Oct-22 23:42:54
wait_on_hw_ila [get_hw_ilas -of_objects [get_hw_devices xc7a100t_0] -filter {CELL_NAME=~"u_ila_0"}]
display_hw_ila_data [upload_hw_ila_data [get_hw_ilas -of_objects [get_hw_devices xc7a100t_0] -filter {CELL_NAME=~"u_ila_0"}]]
INFO: [Labtools 27-1966] The ILA core 'hw_ila_1' triggered at 2024-Oct-22 23:42:54
INFO: [Labtools 27-3304] ILA Waveform data saved to file /home/casager/repos/verilog-ethernet/example/Arty/fpga/fpga/fpga.hw/backup/hw_ila_data_1.ila. Use Tcl command 'read_hw_ila_data' or Vivado File->Import->Import ILA Data menu item to import the previously saved data.
save_wave_config {/home/casager/repos/verilog-ethernet/example/Arty/fpga/fpga/fpga.hw/hw_1/wave/hw_ila_data_1/hw_ila_data_1.wcfg}
exit
INFO: [Common 17-206] Exiting Vivado at Tue Oct 22 23:43:05 2024...
