Copyright 1986-2022 Xilinx, Inc. All Rights Reserved. Copyright 2022-2023 Advanced Micro Devices, Inc. All Rights Reserved.
---------------------------------------------------------------------------------------------------------------------------------------------
| Tool Version : Vivado v.2023.2 (lin64) Build 4029153 Fri Oct 13 20:13:54 MDT 2023
| Date         : Tue Oct 22 23:05:18 2024
| Host         : falcon running 64-bit Ubuntu 22.04.5 LTS
| Command      : report_bus_skew -warn_on_violation -file fpga_bus_skew_routed.rpt -pb fpga_bus_skew_routed.pb -rpx fpga_bus_skew_routed.rpx
| Design       : fpga
| Device       : 7a100t-csg324
| Speed File   : -1  PRODUCTION 1.23 2018-06-13
| Design State : Routed
---------------------------------------------------------------------------------------------------------------------------------------------

Bus Skew Report

Table of Contents
-----------------
1. Bus Skew Report Summary
2. Bus Skew Report Per Constraint

1. Bus Skew Report Summary
--------------------------

Id  Position  From                            To                              Corner  Requirement(ns)  Actual(ns)  Slack(ns)
--  --------  ------------------------------  ------------------------------  ------  ---------------  ----------  ---------
1   22        [get_cells {{core_inst/eth_mac_inst/rx_fifo/fifo_inst/rd_ptr_reg_reg[*]} {core_inst/eth_mac_inst/rx_fifo/fifo_inst/rd_ptr_gray_reg_reg[*]}}]
                                              [get_cells {core_inst/eth_mac_inst/rx_fifo/fifo_inst/rd_ptr_gray_sync1_reg_reg[*]}]
                                                                              Slow             40.000       1.051     38.949
2   24        [get_cells -quiet {core_inst/eth_mac_inst/rx_fifo/fifo_inst/wr_ptr_sync_commit_reg_reg[*]}]
                                              [get_cells {core_inst/eth_mac_inst/rx_fifo/fifo_inst/wr_ptr_commit_sync_reg_reg[*]}]
                                                                              Slow              8.000       1.133      6.867
3   30        [get_cells {{core_inst/eth_mac_inst/tx_fifo/fifo_inst/rd_ptr_reg_reg[*]} {core_inst/eth_mac_inst/tx_fifo/fifo_inst/rd_ptr_gray_reg_reg[*]}}]
                                              [get_cells {core_inst/eth_mac_inst/tx_fifo/fifo_inst/rd_ptr_gray_sync1_reg_reg[*]}]
                                                                              Slow              8.000       0.999      7.001
4   32        [get_cells -quiet {core_inst/eth_mac_inst/tx_fifo/fifo_inst/wr_ptr_sync_commit_reg_reg[*]}]
                                              [get_cells {core_inst/eth_mac_inst/tx_fifo/fifo_inst/wr_ptr_commit_sync_reg_reg[*]}]
                                                                              Slow             40.000       1.062     38.938
5   93        [get_cells [list {dbg_hub/inst/BSCANID.u_xsdbm_id/CORE_XSDB.UUT_MASTER/U_ICON_INTERFACE/U_CMD6_RD/U_RD_FIFO/SUBCORE_FIFO.xsdbm_v3_0_0_rdfifo_inst/inst_fifo_gen/gconvfifo.rf/grf.rf/gntv_or_sync_fifo.gcx.clkx/gnxpm_cdc.rd_pntr_gc_reg[0]} {dbg_hub/inst/BSCANID.u_xsdbm_id/CORE_XSDB.UUT_MASTER/U_ICON_INTERFACE/U_CMD6_RD/U_RD_FIFO/SUBCORE_FIFO.xsdbm_v3_0_0_rdfifo_inst/inst_fifo_gen/gconvfifo.rf/grf.rf/gntv_or_sync_fifo.gcx.clkx/gnxpm_cdc.rd_pntr_gc_reg[1]} {dbg_hub/inst/BSCANID.u_xsdbm_id/CORE_XSDB.UUT_MASTER/U_ICON_INTERFACE/U_CMD6_RD/U_RD_FIFO/SUBCORE_FIFO.xsdbm_v3_0_0_rdfifo_inst/inst_fifo_gen/gconvfifo.rf/grf.rf/gntv_or_sync_fifo.gcx.clkx/gnxpm_cdc.rd_pntr_gc_reg[2]} {dbg_hub/inst/BSCANID.u_xsdbm_id/CORE_XSDB.UUT_MASTER/U_ICON_INTERFACE/U_CMD6_RD/U_RD_FIFO/SUBCORE_FIFO.xsdbm_v3_0_0_rdfifo_inst/inst_fifo_gen/gconvfifo.rf/grf.rf/gntv_or_sync_fifo.gcx.clkx/gnxpm_cdc.rd_pntr_gc_reg[3]}]]
                                              [get_cells [list {dbg_hub/inst/BSCANID.u_xsdbm_id/CORE_XSDB.UUT_MASTER/U_ICON_INTERFACE/U_CMD6_RD/U_RD_FIFO/SUBCORE_FIFO.xsdbm_v3_0_0_rdfifo_inst/inst_fifo_gen/gconvfifo.rf/grf.rf/gntv_or_sync_fifo.gcx.clkx/gnxpm_cdc.gsync_stage[1].wr_stg_inst/Q_reg_reg[0]} {dbg_hub/inst/BSCANID.u_xsdbm_id/CORE_XSDB.UUT_MASTER/U_ICON_INTERFACE/U_CMD6_RD/U_RD_FIFO/SUBCORE_FIFO.xsdbm_v3_0_0_rdfifo_inst/inst_fifo_gen/gconvfifo.rf/grf.rf/gntv_or_sync_fifo.gcx.clkx/gnxpm_cdc.gsync_stage[1].wr_stg_inst/Q_reg_reg[1]} {dbg_hub/inst/BSCANID.u_xsdbm_id/CORE_XSDB.UUT_MASTER/U_ICON_INTERFACE/U_CMD6_RD/U_RD_FIFO/SUBCORE_FIFO.xsdbm_v3_0_0_rdfifo_inst/inst_fifo_gen/gconvfifo.rf/grf.rf/gntv_or_sync_fifo.gcx.clkx/gnxpm_cdc.gsync_stage[1].wr_stg_inst/Q_reg_reg[2]} {dbg_hub/inst/BSCANID.u_xsdbm_id/CORE_XSDB.UUT_MASTER/U_ICON_INTERFACE/U_CMD6_RD/U_RD_FIFO/SUBCORE_FIFO.xsdbm_v3_0_0_rdfifo_inst/inst_fifo_gen/gconvfifo.rf/grf.rf/gntv_or_sync_fifo.gcx.clkx/gnxpm_cdc.gsync_stage[1].wr_stg_inst/Q_reg_reg[3]}]]
                                                                              Slow              8.000       0.819      7.181
6   95        [get_cells [list {dbg_hub/inst/BSCANID.u_xsdbm_id/CORE_XSDB.UUT_MASTER/U_ICON_INTERFACE/U_CMD6_RD/U_RD_FIFO/SUBCORE_FIFO.xsdbm_v3_0_0_rdfifo_inst/inst_fifo_gen/gconvfifo.rf/grf.rf/gntv_or_sync_fifo.gcx.clkx/gnxpm_cdc.wr_pntr_gc_reg[0]} {dbg_hub/inst/BSCANID.u_xsdbm_id/CORE_XSDB.UUT_MASTER/U_ICON_INTERFACE/U_CMD6_RD/U_RD_FIFO/SUBCORE_FIFO.xsdbm_v3_0_0_rdfifo_inst/inst_fifo_gen/gconvfifo.rf/grf.rf/gntv_or_sync_fifo.gcx.clkx/gnxpm_cdc.wr_pntr_gc_reg[1]} {dbg_hub/inst/BSCANID.u_xsdbm_id/CORE_XSDB.UUT_MASTER/U_ICON_INTERFACE/U_CMD6_RD/U_RD_FIFO/SUBCORE_FIFO.xsdbm_v3_0_0_rdfifo_inst/inst_fifo_gen/gconvfifo.rf/grf.rf/gntv_or_sync_fifo.gcx.clkx/gnxpm_cdc.wr_pntr_gc_reg[2]} {dbg_hub/inst/BSCANID.u_xsdbm_id/CORE_XSDB.UUT_MASTER/U_ICON_INTERFACE/U_CMD6_RD/U_RD_FIFO/SUBCORE_FIFO.xsdbm_v3_0_0_rdfifo_inst/inst_fifo_gen/gconvfifo.rf/grf.rf/gntv_or_sync_fifo.gcx.clkx/gnxpm_cdc.wr_pntr_gc_reg[3]}]]
                                              [get_cells [list {dbg_hub/inst/BSCANID.u_xsdbm_id/CORE_XSDB.UUT_MASTER/U_ICON_INTERFACE/U_CMD6_RD/U_RD_FIFO/SUBCORE_FIFO.xsdbm_v3_0_0_rdfifo_inst/inst_fifo_gen/gconvfifo.rf/grf.rf/gntv_or_sync_fifo.gcx.clkx/gnxpm_cdc.gsync_stage[1].rd_stg_inst/Q_reg_reg[0]} {dbg_hub/inst/BSCANID.u_xsdbm_id/CORE_XSDB.UUT_MASTER/U_ICON_INTERFACE/U_CMD6_RD/U_RD_FIFO/SUBCORE_FIFO.xsdbm_v3_0_0_rdfifo_inst/inst_fifo_gen/gconvfifo.rf/grf.rf/gntv_or_sync_fifo.gcx.clkx/gnxpm_cdc.gsync_stage[1].rd_stg_inst/Q_reg_reg[1]} {dbg_hub/inst/BSCANID.u_xsdbm_id/CORE_XSDB.UUT_MASTER/U_ICON_INTERFACE/U_CMD6_RD/U_RD_FIFO/SUBCORE_FIFO.xsdbm_v3_0_0_rdfifo_inst/inst_fifo_gen/gconvfifo.rf/grf.rf/gntv_or_sync_fifo.gcx.clkx/gnxpm_cdc.gsync_stage[1].rd_stg_inst/Q_reg_reg[2]} {dbg_hub/inst/BSCANID.u_xsdbm_id/CORE_XSDB.UUT_MASTER/U_ICON_INTERFACE/U_CMD6_RD/U_RD_FIFO/SUBCORE_FIFO.xsdbm_v3_0_0_rdfifo_inst/inst_fifo_gen/gconvfifo.rf/grf.rf/gntv_or_sync_fifo.gcx.clkx/gnxpm_cdc.gsync_stage[1].rd_stg_inst/Q_reg_reg[3]}]]
                                                                              Slow              8.000       0.747      7.253
7   98        [get_cells [list {dbg_hub/inst/BSCANID.u_xsdbm_id/CORE_XSDB.UUT_MASTER/U_ICON_INTERFACE/U_CMD6_WR/U_WR_FIFO/SUBCORE_FIFO.xsdbm_v3_0_0_wrfifo_inst/inst_fifo_gen/gconvfifo.rf/grf.rf/gntv_or_sync_fifo.gcx.clkx/gnxpm_cdc.rd_pntr_gc_reg[0]} {dbg_hub/inst/BSCANID.u_xsdbm_id/CORE_XSDB.UUT_MASTER/U_ICON_INTERFACE/U_CMD6_WR/U_WR_FIFO/SUBCORE_FIFO.xsdbm_v3_0_0_wrfifo_inst/inst_fifo_gen/gconvfifo.rf/grf.rf/gntv_or_sync_fifo.gcx.clkx/gnxpm_cdc.rd_pntr_gc_reg[1]} {dbg_hub/inst/BSCANID.u_xsdbm_id/CORE_XSDB.UUT_MASTER/U_ICON_INTERFACE/U_CMD6_WR/U_WR_FIFO/SUBCORE_FIFO.xsdbm_v3_0_0_wrfifo_inst/inst_fifo_gen/gconvfifo.rf/grf.rf/gntv_or_sync_fifo.gcx.clkx/gnxpm_cdc.rd_pntr_gc_reg[2]} {dbg_hub/inst/BSCANID.u_xsdbm_id/CORE_XSDB.UUT_MASTER/U_ICON_INTERFACE/U_CMD6_WR/U_WR_FIFO/SUBCORE_FIFO.xsdbm_v3_0_0_wrfifo_inst/inst_fifo_gen/gconvfifo.rf/grf.rf/gntv_or_sync_fifo.gcx.clkx/gnxpm_cdc.rd_pntr_gc_reg[3]}]]
                                              [get_cells [list {dbg_hub/inst/BSCANID.u_xsdbm_id/CORE_XSDB.UUT_MASTER/U_ICON_INTERFACE/U_CMD6_WR/U_WR_FIFO/SUBCORE_FIFO.xsdbm_v3_0_0_wrfifo_inst/inst_fifo_gen/gconvfifo.rf/grf.rf/gntv_or_sync_fifo.gcx.clkx/gnxpm_cdc.gsync_stage[1].wr_stg_inst/Q_reg_reg[0]} {dbg_hub/inst/BSCANID.u_xsdbm_id/CORE_XSDB.UUT_MASTER/U_ICON_INTERFACE/U_CMD6_WR/U_WR_FIFO/SUBCORE_FIFO.xsdbm_v3_0_0_wrfifo_inst/inst_fifo_gen/gconvfifo.rf/grf.rf/gntv_or_sync_fifo.gcx.clkx/gnxpm_cdc.gsync_stage[1].wr_stg_inst/Q_reg_reg[1]} {dbg_hub/inst/BSCANID.u_xsdbm_id/CORE_XSDB.UUT_MASTER/U_ICON_INTERFACE/U_CMD6_WR/U_WR_FIFO/SUBCORE_FIFO.xsdbm_v3_0_0_wrfifo_inst/inst_fifo_gen/gconvfifo.rf/grf.rf/gntv_or_sync_fifo.gcx.clkx/gnxpm_cdc.gsync_stage[1].wr_stg_inst/Q_reg_reg[2]} {dbg_hub/inst/BSCANID.u_xsdbm_id/CORE_XSDB.UUT_MASTER/U_ICON_INTERFACE/U_CMD6_WR/U_WR_FIFO/SUBCORE_FIFO.xsdbm_v3_0_0_wrfifo_inst/inst_fifo_gen/gconvfifo.rf/grf.rf/gntv_or_sync_fifo.gcx.clkx/gnxpm_cdc.gsync_stage[1].wr_stg_inst/Q_reg_reg[3]}]]
                                                                              Slow              8.000       0.874      7.126
8   100       [get_cells [list {dbg_hub/inst/BSCANID.u_xsdbm_id/CORE_XSDB.UUT_MASTER/U_ICON_INTERFACE/U_CMD6_WR/U_WR_FIFO/SUBCORE_FIFO.xsdbm_v3_0_0_wrfifo_inst/inst_fifo_gen/gconvfifo.rf/grf.rf/gntv_or_sync_fifo.gcx.clkx/gnxpm_cdc.wr_pntr_gc_reg[0]} {dbg_hub/inst/BSCANID.u_xsdbm_id/CORE_XSDB.UUT_MASTER/U_ICON_INTERFACE/U_CMD6_WR/U_WR_FIFO/SUBCORE_FIFO.xsdbm_v3_0_0_wrfifo_inst/inst_fifo_gen/gconvfifo.rf/grf.rf/gntv_or_sync_fifo.gcx.clkx/gnxpm_cdc.wr_pntr_gc_reg[1]} {dbg_hub/inst/BSCANID.u_xsdbm_id/CORE_XSDB.UUT_MASTER/U_ICON_INTERFACE/U_CMD6_WR/U_WR_FIFO/SUBCORE_FIFO.xsdbm_v3_0_0_wrfifo_inst/inst_fifo_gen/gconvfifo.rf/grf.rf/gntv_or_sync_fifo.gcx.clkx/gnxpm_cdc.wr_pntr_gc_reg[2]} {dbg_hub/inst/BSCANID.u_xsdbm_id/CORE_XSDB.UUT_MASTER/U_ICON_INTERFACE/U_CMD6_WR/U_WR_FIFO/SUBCORE_FIFO.xsdbm_v3_0_0_wrfifo_inst/inst_fifo_gen/gconvfifo.rf/grf.rf/gntv_or_sync_fifo.gcx.clkx/gnxpm_cdc.wr_pntr_gc_reg[3]}]]
                                              [get_cells [list {dbg_hub/inst/BSCANID.u_xsdbm_id/CORE_XSDB.UUT_MASTER/U_ICON_INTERFACE/U_CMD6_WR/U_WR_FIFO/SUBCORE_FIFO.xsdbm_v3_0_0_wrfifo_inst/inst_fifo_gen/gconvfifo.rf/grf.rf/gntv_or_sync_fifo.gcx.clkx/gnxpm_cdc.gsync_stage[1].rd_stg_inst/Q_reg_reg[0]} {dbg_hub/inst/BSCANID.u_xsdbm_id/CORE_XSDB.UUT_MASTER/U_ICON_INTERFACE/U_CMD6_WR/U_WR_FIFO/SUBCORE_FIFO.xsdbm_v3_0_0_wrfifo_inst/inst_fifo_gen/gconvfifo.rf/grf.rf/gntv_or_sync_fifo.gcx.clkx/gnxpm_cdc.gsync_stage[1].rd_stg_inst/Q_reg_reg[1]} {dbg_hub/inst/BSCANID.u_xsdbm_id/CORE_XSDB.UUT_MASTER/U_ICON_INTERFACE/U_CMD6_WR/U_WR_FIFO/SUBCORE_FIFO.xsdbm_v3_0_0_wrfifo_inst/inst_fifo_gen/gconvfifo.rf/grf.rf/gntv_or_sync_fifo.gcx.clkx/gnxpm_cdc.gsync_stage[1].rd_stg_inst/Q_reg_reg[2]} {dbg_hub/inst/BSCANID.u_xsdbm_id/CORE_XSDB.UUT_MASTER/U_ICON_INTERFACE/U_CMD6_WR/U_WR_FIFO/SUBCORE_FIFO.xsdbm_v3_0_0_wrfifo_inst/inst_fifo_gen/gconvfifo.rf/grf.rf/gntv_or_sync_fifo.gcx.clkx/gnxpm_cdc.gsync_stage[1].rd_stg_inst/Q_reg_reg[3]}]]
                                                                              Slow              8.000       0.655      7.345


2. Bus Skew Report Per Constraint
---------------------------------

Id: 1
set_bus_skew -from [get_cells {{core_inst/eth_mac_inst/rx_fifo/fifo_inst/rd_ptr_reg_reg[*]} {core_inst/eth_mac_inst/rx_fifo/fifo_inst/rd_ptr_gray_reg_reg[*]}}] -to [get_cells {core_inst/eth_mac_inst/rx_fifo/fifo_inst/rd_ptr_gray_sync1_reg_reg[*]}] 40.000
Requirement: 40.000ns
Endpoints: 13

From Clock            To Clock              Endpoint Pin                    Reference Pin                   Corner  Actual(ns)  Slack(ns)
--------------------  --------------------  ------------------------------  ------------------------------  ------  ----------  ---------
clk_mmcm_out          phy_rx_clk            core_inst/eth_mac_inst/rx_fifo/fifo_inst/rd_ptr_gray_sync1_reg_reg[11]/D
                                                                            core_inst/eth_mac_inst/rx_fifo/fifo_inst/rd_ptr_gray_sync1_reg_reg[2]/D
                                                                                                            Slow         1.051     38.949


Slack (MET) :             38.949ns  (requirement - actual skew)
  Endpoint Source:        core_inst/eth_mac_inst/rx_fifo/fifo_inst/rd_ptr_gray_reg_reg[11]/C
                            (rising edge-triggered cell FDRE clocked by clk_mmcm_out)
  Endpoint Destination:   core_inst/eth_mac_inst/rx_fifo/fifo_inst/rd_ptr_gray_sync1_reg_reg[11]/D
                            (rising edge-triggered cell FDRE clocked by phy_rx_clk)
  Reference Source:       core_inst/eth_mac_inst/rx_fifo/fifo_inst/rd_ptr_gray_reg_reg[2]/C
                            (rising edge-triggered cell FDRE clocked by clk_mmcm_out)
  Reference Destination:  core_inst/eth_mac_inst/rx_fifo/fifo_inst/rd_ptr_gray_sync1_reg_reg[2]/D
                            (rising edge-triggered cell FDRE clocked by phy_rx_clk)
  Path Type:              Bus Skew (Max at Slow Process Corner)
  Requirement:            40.000ns
  Endpoint Relative Delay:    4.546ns
  Reference Relative Delay:   3.046ns
  Relative CRPR:              0.448ns
  Actual Bus Skew:            1.051ns  (Endpoint Relative Delay - Reference Relative Delay - Relative CRPR)

Endpoint path:
    Location             Delay type                Incr(ns)  Path(ns)    Netlist Resource(s)
  -------------------------------------------------------------------    -------------------
                         (clock clk_mmcm_out rise edge)
                                                      0.000     0.000 r  
    E3                                                0.000     0.000 r  clk (IN)
                         net (fo=0)                   0.000     0.000    clk
    E3                   IBUF (Prop_ibuf_I_O)         1.482     1.482 r  clk_ibufg_inst/O
                         net (fo=1, routed)           1.233     2.715    clk_ibufg
    MMCME2_ADV_X1Y2      MMCME2_ADV (Prop_mmcme2_adv_CLKIN1_CLKOUT0)
                                                      0.088     2.803 r  clk_mmcm_inst/CLKOUT0
                         net (fo=1, routed)           1.719     4.522    clk_mmcm_out
    BUFGCTRL_X0Y18       BUFG (Prop_bufg_I_O)         0.096     4.618 r  clk_bufg_inst/O
                         net (fo=4115, routed)        1.708     6.326    core_inst/eth_mac_inst/rx_fifo/fifo_inst/logic_clk
    SLICE_X6Y104         FDRE                                         r  core_inst/eth_mac_inst/rx_fifo/fifo_inst/rd_ptr_gray_reg_reg[11]/C
  -------------------------------------------------------------------    -------------------
    SLICE_X6Y104         FDRE (Prop_fdre_C_Q)         0.478     6.804 r  core_inst/eth_mac_inst/rx_fifo/fifo_inst/rd_ptr_gray_reg_reg[11]/Q
                         net (fo=1, routed)           0.586     7.391    core_inst/eth_mac_inst/rx_fifo/fifo_inst/rd_ptr_gray_reg[11]
    SLICE_X7Y104         FDRE                                         r  core_inst/eth_mac_inst/rx_fifo/fifo_inst/rd_ptr_gray_sync1_reg_reg[11]/D
  -------------------------------------------------------------------    -------------------

                         (clock phy_rx_clk rise edge)
                                                      0.000     0.000 r  
    F15                                               0.000     0.000 r  phy_rx_clk (IN)
                         net (fo=0)                   0.000     0.000    phy_rx_clk
    F15                  IBUF (Prop_ibuf_I_O)         1.403     1.403 r  phy_rx_clk_IBUF_inst/O
                         net (fo=2, routed)           0.459     1.862    core_inst/eth_mac_inst/eth_mac_1g_mii_inst/mii_phy_if_inst/rx_ssio_sdr_inst/mii_rx_clk
    BUFR_X0Y9            BUFR (Prop_bufr_I_O)         0.486     2.347 r  core_inst/eth_mac_inst/eth_mac_1g_mii_inst/mii_phy_if_inst/rx_ssio_sdr_inst/clk_bufr/O
                         net (fo=190, routed)         0.762     3.109    core_inst/eth_mac_inst/rx_fifo/fifo_inst/s_clk
    SLICE_X7Y104         FDRE                                         r  core_inst/eth_mac_inst/rx_fifo/fifo_inst/rd_ptr_gray_sync1_reg_reg[11]/C
                         clock pessimism              0.000     3.109    
    SLICE_X7Y104         FDRE (Setup_fdre_C_D)       -0.264     2.845    core_inst/eth_mac_inst/rx_fifo/fifo_inst/rd_ptr_gray_sync1_reg_reg[11]
  -------------------------------------------------------------------
                         data arrival                           7.391    
                         clock arrival                          2.845    
  -------------------------------------------------------------------
                         relative delay                         4.546    

Reference path:
    Location             Delay type                Incr(ns)  Path(ns)    Netlist Resource(s)
  -------------------------------------------------------------------    -------------------
                         (clock clk_mmcm_out rise edge)
                                                      0.000     0.000 r  
    E3                                                0.000     0.000 r  clk (IN)
                         net (fo=0)                   0.000     0.000    clk
    E3                   IBUF (Prop_ibuf_I_O)         1.411     1.411 r  clk_ibufg_inst/O
                         net (fo=1, routed)           1.162     2.573    clk_ibufg
    MMCME2_ADV_X1Y2      MMCME2_ADV (Prop_mmcme2_adv_CLKIN1_CLKOUT0)
                                                      0.083     2.656 r  clk_mmcm_inst/CLKOUT0
                         net (fo=1, routed)           1.639     4.295    clk_mmcm_out
    BUFGCTRL_X0Y18       BUFG (Prop_bufg_I_O)         0.091     4.386 r  clk_bufg_inst/O
                         net (fo=4115, routed)        1.509     5.895    core_inst/eth_mac_inst/rx_fifo/fifo_inst/logic_clk
    SLICE_X9Y102         FDRE                                         r  core_inst/eth_mac_inst/rx_fifo/fifo_inst/rd_ptr_gray_reg_reg[2]/C
  -------------------------------------------------------------------    -------------------
    SLICE_X9Y102         FDRE (Prop_fdre_C_Q)         0.367     6.262 r  core_inst/eth_mac_inst/rx_fifo/fifo_inst/rd_ptr_gray_reg_reg[2]/Q
                         net (fo=1, routed)           0.380     6.642    core_inst/eth_mac_inst/rx_fifo/fifo_inst/rd_ptr_gray_reg[2]
    SLICE_X10Y103        FDRE                                         r  core_inst/eth_mac_inst/rx_fifo/fifo_inst/rd_ptr_gray_sync1_reg_reg[2]/D
  -------------------------------------------------------------------    -------------------

                         (clock phy_rx_clk rise edge)
                                                      0.000     0.000 r  
    F15                                               0.000     0.000 r  phy_rx_clk (IN)
                         net (fo=0)                   0.000     0.000    phy_rx_clk
    F15                  IBUF (Prop_ibuf_I_O)         1.473     1.473 r  phy_rx_clk_IBUF_inst/O
                         net (fo=2, routed)           0.500     1.973    core_inst/eth_mac_inst/eth_mac_1g_mii_inst/mii_phy_if_inst/rx_ssio_sdr_inst/mii_rx_clk
    BUFR_X0Y9            BUFR (Prop_bufr_I_O)         0.511     2.484 r  core_inst/eth_mac_inst/eth_mac_1g_mii_inst/mii_phy_if_inst/rx_ssio_sdr_inst/clk_bufr/O
                         net (fo=190, routed)         0.879     3.363    core_inst/eth_mac_inst/rx_fifo/fifo_inst/s_clk
    SLICE_X10Y103        FDRE                                         r  core_inst/eth_mac_inst/rx_fifo/fifo_inst/rd_ptr_gray_sync1_reg_reg[2]/C
                         clock pessimism              0.000     3.363    
    SLICE_X10Y103        FDRE (Hold_fdre_C_D)         0.233     3.596    core_inst/eth_mac_inst/rx_fifo/fifo_inst/rd_ptr_gray_sync1_reg_reg[2]
  -------------------------------------------------------------------
                         data arrival                           6.642    
                         clock arrival                          3.596    
  -------------------------------------------------------------------
                         relative delay                         3.046    



Id: 2
set_bus_skew -from [get_cells -quiet {core_inst/eth_mac_inst/rx_fifo/fifo_inst/wr_ptr_sync_commit_reg_reg[*]}] -to [get_cells {core_inst/eth_mac_inst/rx_fifo/fifo_inst/wr_ptr_commit_sync_reg_reg[*]}] 8.000
Requirement: 8.000ns
Endpoints: 13

From Clock            To Clock              Endpoint Pin                    Reference Pin                   Corner  Actual(ns)  Slack(ns)
--------------------  --------------------  ------------------------------  ------------------------------  ------  ----------  ---------
phy_rx_clk            clk_mmcm_out          core_inst/eth_mac_inst/rx_fifo/fifo_inst/wr_ptr_commit_sync_reg_reg[5]/D
                                                                            core_inst/eth_mac_inst/rx_fifo/fifo_inst/wr_ptr_commit_sync_reg_reg[0]/D
                                                                                                            Slow         1.133      6.867


Slack (MET) :             6.867ns  (requirement - actual skew)
  Endpoint Source:        core_inst/eth_mac_inst/rx_fifo/fifo_inst/wr_ptr_sync_commit_reg_reg[5]/C
                            (rising edge-triggered cell FDRE clocked by phy_rx_clk)
  Endpoint Destination:   core_inst/eth_mac_inst/rx_fifo/fifo_inst/wr_ptr_commit_sync_reg_reg[5]/D
                            (rising edge-triggered cell FDRE clocked by clk_mmcm_out)
  Reference Source:       core_inst/eth_mac_inst/rx_fifo/fifo_inst/wr_ptr_sync_commit_reg_reg[0]/C
                            (rising edge-triggered cell FDRE clocked by phy_rx_clk)
  Reference Destination:  core_inst/eth_mac_inst/rx_fifo/fifo_inst/wr_ptr_commit_sync_reg_reg[0]/D
                            (rising edge-triggered cell FDRE clocked by clk_mmcm_out)
  Path Type:              Bus Skew (Max at Slow Process Corner)
  Requirement:            8.000ns
  Endpoint Relative Delay:   -0.899ns
  Reference Relative Delay:  -2.538ns
  Relative CRPR:              0.506ns
  Actual Bus Skew:            1.133ns  (Endpoint Relative Delay - Reference Relative Delay - Relative CRPR)

Endpoint path:
    Location             Delay type                Incr(ns)  Path(ns)    Netlist Resource(s)
  -------------------------------------------------------------------    -------------------
                         (clock phy_rx_clk rise edge)
                                                      0.000     0.000 r  
    F15                                               0.000     0.000 r  phy_rx_clk (IN)
                         net (fo=0)                   0.000     0.000    phy_rx_clk
    F15                  IBUF (Prop_ibuf_I_O)         1.473     1.473 r  phy_rx_clk_IBUF_inst/O
                         net (fo=2, routed)           0.500     1.973    core_inst/eth_mac_inst/eth_mac_1g_mii_inst/mii_phy_if_inst/rx_ssio_sdr_inst/mii_rx_clk
    BUFR_X0Y9            BUFR (Prop_bufr_I_O)         0.511     2.484 r  core_inst/eth_mac_inst/eth_mac_1g_mii_inst/mii_phy_if_inst/rx_ssio_sdr_inst/clk_bufr/O
                         net (fo=190, routed)         0.881     3.365    core_inst/eth_mac_inst/rx_fifo/fifo_inst/s_clk
    SLICE_X13Y106        FDRE                                         r  core_inst/eth_mac_inst/rx_fifo/fifo_inst/wr_ptr_sync_commit_reg_reg[5]/C
  -------------------------------------------------------------------    -------------------
    SLICE_X13Y106        FDRE (Prop_fdre_C_Q)         0.419     3.784 r  core_inst/eth_mac_inst/rx_fifo/fifo_inst/wr_ptr_sync_commit_reg_reg[5]/Q
                         net (fo=1, routed)           0.982     4.766    core_inst/eth_mac_inst/rx_fifo/fifo_inst/wr_ptr_sync_commit_reg[5]
    SLICE_X10Y105        FDRE                                         r  core_inst/eth_mac_inst/rx_fifo/fifo_inst/wr_ptr_commit_sync_reg_reg[5]/D
  -------------------------------------------------------------------    -------------------

                         (clock clk_mmcm_out rise edge)
                                                      0.000     0.000 r  
    E3                                                0.000     0.000 r  clk (IN)
                         net (fo=0)                   0.000     0.000    clk
    E3                   IBUF (Prop_ibuf_I_O)         1.411     1.411 r  clk_ibufg_inst/O
                         net (fo=1, routed)           1.162     2.573    clk_ibufg
    MMCME2_ADV_X1Y2      MMCME2_ADV (Prop_mmcme2_adv_CLKIN1_CLKOUT0)
                                                      0.083     2.656 r  clk_mmcm_inst/CLKOUT0
                         net (fo=1, routed)           1.639     4.295    clk_mmcm_out
    BUFGCTRL_X0Y18       BUFG (Prop_bufg_I_O)         0.091     4.386 r  clk_bufg_inst/O
                         net (fo=4115, routed)        1.511     5.897    core_inst/eth_mac_inst/rx_fifo/fifo_inst/logic_clk
    SLICE_X10Y105        FDRE                                         r  core_inst/eth_mac_inst/rx_fifo/fifo_inst/wr_ptr_commit_sync_reg_reg[5]/C
                         clock pessimism              0.000     5.897    
    SLICE_X10Y105        FDRE (Setup_fdre_C_D)       -0.232     5.665    core_inst/eth_mac_inst/rx_fifo/fifo_inst/wr_ptr_commit_sync_reg_reg[5]
  -------------------------------------------------------------------
                         data arrival                           4.766    
                         clock arrival                          5.665    
  -------------------------------------------------------------------
                         relative delay                        -0.899    

Reference path:
    Location             Delay type                Incr(ns)  Path(ns)    Netlist Resource(s)
  -------------------------------------------------------------------    -------------------
                         (clock phy_rx_clk rise edge)
                                                      0.000     0.000 r  
    F15                                               0.000     0.000 r  phy_rx_clk (IN)
                         net (fo=0)                   0.000     0.000    phy_rx_clk
    F15                  IBUF (Prop_ibuf_I_O)         1.403     1.403 r  phy_rx_clk_IBUF_inst/O
                         net (fo=2, routed)           0.459     1.862    core_inst/eth_mac_inst/eth_mac_1g_mii_inst/mii_phy_if_inst/rx_ssio_sdr_inst/mii_rx_clk
    BUFR_X0Y9            BUFR (Prop_bufr_I_O)         0.486     2.347 r  core_inst/eth_mac_inst/eth_mac_1g_mii_inst/mii_phy_if_inst/rx_ssio_sdr_inst/clk_bufr/O
                         net (fo=190, routed)         0.839     3.186    core_inst/eth_mac_inst/rx_fifo/fifo_inst/s_clk
    SLICE_X13Y106        FDRE                                         r  core_inst/eth_mac_inst/rx_fifo/fifo_inst/wr_ptr_sync_commit_reg_reg[0]/C
  -------------------------------------------------------------------    -------------------
    SLICE_X13Y106        FDRE (Prop_fdre_C_Q)         0.367     3.553 r  core_inst/eth_mac_inst/rx_fifo/fifo_inst/wr_ptr_sync_commit_reg_reg[0]/Q
                         net (fo=1, routed)           0.388     3.941    core_inst/eth_mac_inst/rx_fifo/fifo_inst/wr_ptr_sync_commit_reg[0]
    SLICE_X10Y106        FDRE                                         r  core_inst/eth_mac_inst/rx_fifo/fifo_inst/wr_ptr_commit_sync_reg_reg[0]/D
  -------------------------------------------------------------------    -------------------

                         (clock clk_mmcm_out rise edge)
                                                      0.000     0.000 r  
    E3                                                0.000     0.000 r  clk (IN)
                         net (fo=0)                   0.000     0.000    clk
    E3                   IBUF (Prop_ibuf_I_O)         1.482     1.482 r  clk_ibufg_inst/O
                         net (fo=1, routed)           1.233     2.715    clk_ibufg
    MMCME2_ADV_X1Y2      MMCME2_ADV (Prop_mmcme2_adv_CLKIN1_CLKOUT0)
                                                      0.088     2.803 r  clk_mmcm_inst/CLKOUT0
                         net (fo=1, routed)           1.719     4.522    clk_mmcm_out
    BUFGCTRL_X0Y18       BUFG (Prop_bufg_I_O)         0.096     4.618 r  clk_bufg_inst/O
                         net (fo=4115, routed)        1.631     6.249    core_inst/eth_mac_inst/rx_fifo/fifo_inst/logic_clk
    SLICE_X10Y106        FDRE                                         r  core_inst/eth_mac_inst/rx_fifo/fifo_inst/wr_ptr_commit_sync_reg_reg[0]/C
                         clock pessimism              0.000     6.249    
    SLICE_X10Y106        FDRE (Hold_fdre_C_D)         0.230     6.479    core_inst/eth_mac_inst/rx_fifo/fifo_inst/wr_ptr_commit_sync_reg_reg[0]
  -------------------------------------------------------------------
                         data arrival                           3.941    
                         clock arrival                          6.479    
  -------------------------------------------------------------------
                         relative delay                        -2.538    



Id: 3
set_bus_skew -from [get_cells {{core_inst/eth_mac_inst/tx_fifo/fifo_inst/rd_ptr_reg_reg[*]} {core_inst/eth_mac_inst/tx_fifo/fifo_inst/rd_ptr_gray_reg_reg[*]}}] -to [get_cells {core_inst/eth_mac_inst/tx_fifo/fifo_inst/rd_ptr_gray_sync1_reg_reg[*]}] 8.000
Requirement: 8.000ns
Endpoints: 13

From Clock            To Clock              Endpoint Pin                    Reference Pin                   Corner  Actual(ns)  Slack(ns)
--------------------  --------------------  ------------------------------  ------------------------------  ------  ----------  ---------
phy_tx_clk            clk_mmcm_out          core_inst/eth_mac_inst/tx_fifo/fifo_inst/rd_ptr_gray_sync1_reg_reg[7]/D
                                                                            core_inst/eth_mac_inst/tx_fifo/fifo_inst/rd_ptr_gray_sync1_reg_reg[12]/D
                                                                                                            Slow         0.999      7.001


Slack (MET) :             7.001ns  (requirement - actual skew)
  Endpoint Source:        core_inst/eth_mac_inst/tx_fifo/fifo_inst/rd_ptr_gray_reg_reg[7]/C
                            (rising edge-triggered cell FDRE clocked by phy_tx_clk)
  Endpoint Destination:   core_inst/eth_mac_inst/tx_fifo/fifo_inst/rd_ptr_gray_sync1_reg_reg[7]/D
                            (rising edge-triggered cell FDRE clocked by clk_mmcm_out)
  Reference Source:       core_inst/eth_mac_inst/tx_fifo/fifo_inst/rd_ptr_gray_reg_reg[12]/C
                            (rising edge-triggered cell FDRE clocked by phy_tx_clk)
  Reference Destination:  core_inst/eth_mac_inst/tx_fifo/fifo_inst/rd_ptr_gray_sync1_reg_reg[12]/D
                            (rising edge-triggered cell FDRE clocked by clk_mmcm_out)
  Path Type:              Bus Skew (Max at Slow Process Corner)
  Requirement:            8.000ns
  Endpoint Relative Delay:    0.874ns
  Reference Relative Delay:  -0.712ns
  Relative CRPR:              0.587ns
  Actual Bus Skew:            0.999ns  (Endpoint Relative Delay - Reference Relative Delay - Relative CRPR)

Endpoint path:
    Location             Delay type                Incr(ns)  Path(ns)    Netlist Resource(s)
  -------------------------------------------------------------------    -------------------
                         (clock phy_tx_clk rise edge)
                                                      0.000     0.000 r  
    H16                                               0.000     0.000 r  phy_tx_clk (IN)
                         net (fo=0)                   0.000     0.000    phy_tx_clk
    H16                  IBUF (Prop_ibuf_I_O)         1.471     1.471 r  phy_tx_clk_IBUF_inst/O
                         net (fo=1, routed)           2.016     3.487    core_inst/eth_mac_inst/eth_mac_1g_mii_inst/mii_phy_if_inst/mii_tx_clk
    BUFGCTRL_X0Y16       BUFG (Prop_bufg_I_O)         0.096     3.583 r  core_inst/eth_mac_inst/eth_mac_1g_mii_inst/mii_phy_if_inst/mii_bufg_inst/O
                         net (fo=141, routed)         1.724     5.307    core_inst/eth_mac_inst/tx_fifo/fifo_inst/tx_clk
    SLICE_X6Y93          FDRE                                         r  core_inst/eth_mac_inst/tx_fifo/fifo_inst/rd_ptr_gray_reg_reg[7]/C
  -------------------------------------------------------------------    -------------------
    SLICE_X6Y93          FDRE (Prop_fdre_C_Q)         0.478     5.785 r  core_inst/eth_mac_inst/tx_fifo/fifo_inst/rd_ptr_gray_reg_reg[7]/Q
                         net (fo=1, routed)           0.856     6.641    core_inst/eth_mac_inst/tx_fifo/fifo_inst/rd_ptr_gray_reg[7]
    SLICE_X6Y92          FDRE                                         r  core_inst/eth_mac_inst/tx_fifo/fifo_inst/rd_ptr_gray_sync1_reg_reg[7]/D
  -------------------------------------------------------------------    -------------------

                         (clock clk_mmcm_out rise edge)
                                                      0.000     0.000 r  
    E3                                                0.000     0.000 r  clk (IN)
                         net (fo=0)                   0.000     0.000    clk
    E3                   IBUF (Prop_ibuf_I_O)         1.411     1.411 r  clk_ibufg_inst/O
                         net (fo=1, routed)           1.162     2.573    clk_ibufg
    MMCME2_ADV_X1Y2      MMCME2_ADV (Prop_mmcme2_adv_CLKIN1_CLKOUT0)
                                                      0.083     2.656 r  clk_mmcm_inst/CLKOUT0
                         net (fo=1, routed)           1.639     4.295    clk_mmcm_out
    BUFGCTRL_X0Y18       BUFG (Prop_bufg_I_O)         0.091     4.386 r  clk_bufg_inst/O
                         net (fo=4115, routed)        1.602     5.989    core_inst/eth_mac_inst/tx_fifo/fifo_inst/logic_clk
    SLICE_X6Y92          FDRE                                         r  core_inst/eth_mac_inst/tx_fifo/fifo_inst/rd_ptr_gray_sync1_reg_reg[7]/C
                         clock pessimism              0.000     5.989    
    SLICE_X6Y92          FDRE (Setup_fdre_C_D)       -0.222     5.767    core_inst/eth_mac_inst/tx_fifo/fifo_inst/rd_ptr_gray_sync1_reg_reg[7]
  -------------------------------------------------------------------
                         data arrival                           6.641    
                         clock arrival                          5.767    
  -------------------------------------------------------------------
                         relative delay                         0.874    

Reference path:
    Location             Delay type                Incr(ns)  Path(ns)    Netlist Resource(s)
  -------------------------------------------------------------------    -------------------
                         (clock phy_tx_clk rise edge)
                                                      0.000     0.000 r  
    H16                                               0.000     0.000 r  phy_tx_clk (IN)
                         net (fo=0)                   0.000     0.000    phy_tx_clk
    H16                  IBUF (Prop_ibuf_I_O)         1.401     1.401 r  phy_tx_clk_IBUF_inst/O
                         net (fo=1, routed)           1.911     3.312    core_inst/eth_mac_inst/eth_mac_1g_mii_inst/mii_phy_if_inst/mii_tx_clk
    BUFGCTRL_X0Y16       BUFG (Prop_bufg_I_O)         0.091     3.403 r  core_inst/eth_mac_inst/eth_mac_1g_mii_inst/mii_phy_if_inst/mii_bufg_inst/O
                         net (fo=141, routed)         1.524     4.927    core_inst/eth_mac_inst/tx_fifo/fifo_inst/tx_clk
    SLICE_X8Y94          FDRE                                         r  core_inst/eth_mac_inst/tx_fifo/fifo_inst/rd_ptr_gray_reg_reg[12]/C
  -------------------------------------------------------------------    -------------------
    SLICE_X8Y94          FDRE (Prop_fdre_C_Q)         0.418     5.345 r  core_inst/eth_mac_inst/tx_fifo/fifo_inst/rd_ptr_gray_reg_reg[12]/Q
                         net (fo=1, routed)           0.456     5.801    core_inst/eth_mac_inst/tx_fifo/fifo_inst/rd_ptr_gray_reg[12]
    SLICE_X7Y93          FDRE                                         r  core_inst/eth_mac_inst/tx_fifo/fifo_inst/rd_ptr_gray_sync1_reg_reg[12]/D
  -------------------------------------------------------------------    -------------------

                         (clock clk_mmcm_out rise edge)
                                                      0.000     0.000 r  
    E3                                                0.000     0.000 r  clk (IN)
                         net (fo=0)                   0.000     0.000    clk
    E3                   IBUF (Prop_ibuf_I_O)         1.482     1.482 r  clk_ibufg_inst/O
                         net (fo=1, routed)           1.233     2.715    clk_ibufg
    MMCME2_ADV_X1Y2      MMCME2_ADV (Prop_mmcme2_adv_CLKIN1_CLKOUT0)
                                                      0.088     2.803 r  clk_mmcm_inst/CLKOUT0
                         net (fo=1, routed)           1.719     4.522    clk_mmcm_out
    BUFGCTRL_X0Y18       BUFG (Prop_bufg_I_O)         0.096     4.618 r  clk_bufg_inst/O
                         net (fo=4115, routed)        1.724     6.343    core_inst/eth_mac_inst/tx_fifo/fifo_inst/logic_clk
    SLICE_X7Y93          FDRE                                         r  core_inst/eth_mac_inst/tx_fifo/fifo_inst/rd_ptr_gray_sync1_reg_reg[12]/C
                         clock pessimism              0.000     6.343    
    SLICE_X7Y93          FDRE (Hold_fdre_C_D)         0.170     6.513    core_inst/eth_mac_inst/tx_fifo/fifo_inst/rd_ptr_gray_sync1_reg_reg[12]
  -------------------------------------------------------------------
                         data arrival                           5.801    
                         clock arrival                          6.513    
  -------------------------------------------------------------------
                         relative delay                        -0.712    



Id: 4
set_bus_skew -from [get_cells -quiet {core_inst/eth_mac_inst/tx_fifo/fifo_inst/wr_ptr_sync_commit_reg_reg[*]}] -to [get_cells {core_inst/eth_mac_inst/tx_fifo/fifo_inst/wr_ptr_commit_sync_reg_reg[*]}] 40.000
Requirement: 40.000ns
Endpoints: 13

From Clock            To Clock              Endpoint Pin                    Reference Pin                   Corner  Actual(ns)  Slack(ns)
--------------------  --------------------  ------------------------------  ------------------------------  ------  ----------  ---------
clk_mmcm_out          phy_tx_clk            core_inst/eth_mac_inst/tx_fifo/fifo_inst/wr_ptr_commit_sync_reg_reg[7]/D
                                                                            core_inst/eth_mac_inst/tx_fifo/fifo_inst/wr_ptr_commit_sync_reg_reg[1]/D
                                                                                                            Slow         1.062     38.938


Slack (MET) :             38.938ns  (requirement - actual skew)
  Endpoint Source:        core_inst/eth_mac_inst/tx_fifo/fifo_inst/wr_ptr_sync_commit_reg_reg[7]/C
                            (rising edge-triggered cell FDRE clocked by clk_mmcm_out)
  Endpoint Destination:   core_inst/eth_mac_inst/tx_fifo/fifo_inst/wr_ptr_commit_sync_reg_reg[7]/D
                            (rising edge-triggered cell FDRE clocked by phy_tx_clk)
  Reference Source:       core_inst/eth_mac_inst/tx_fifo/fifo_inst/wr_ptr_sync_commit_reg_reg[1]/C
                            (rising edge-triggered cell FDRE clocked by clk_mmcm_out)
  Reference Destination:  core_inst/eth_mac_inst/tx_fifo/fifo_inst/wr_ptr_commit_sync_reg_reg[1]/D
                            (rising edge-triggered cell FDRE clocked by phy_tx_clk)
  Path Type:              Bus Skew (Max at Slow Process Corner)
  Requirement:            40.000ns
  Endpoint Relative Delay:    2.927ns
  Reference Relative Delay:   1.277ns
  Relative CRPR:              0.588ns
  Actual Bus Skew:            1.062ns  (Endpoint Relative Delay - Reference Relative Delay - Relative CRPR)

Endpoint path:
    Location             Delay type                Incr(ns)  Path(ns)    Netlist Resource(s)
  -------------------------------------------------------------------    -------------------
                         (clock clk_mmcm_out rise edge)
                                                      0.000     0.000 r  
    E3                                                0.000     0.000 r  clk (IN)
                         net (fo=0)                   0.000     0.000    clk
    E3                   IBUF (Prop_ibuf_I_O)         1.482     1.482 r  clk_ibufg_inst/O
                         net (fo=1, routed)           1.233     2.715    clk_ibufg
    MMCME2_ADV_X1Y2      MMCME2_ADV (Prop_mmcme2_adv_CLKIN1_CLKOUT0)
                                                      0.088     2.803 r  clk_mmcm_inst/CLKOUT0
                         net (fo=1, routed)           1.719     4.522    clk_mmcm_out
    BUFGCTRL_X0Y18       BUFG (Prop_bufg_I_O)         0.096     4.618 r  clk_bufg_inst/O
                         net (fo=4115, routed)        1.646     6.265    core_inst/eth_mac_inst/tx_fifo/fifo_inst/logic_clk
    SLICE_X14Y93         FDRE                                         r  core_inst/eth_mac_inst/tx_fifo/fifo_inst/wr_ptr_sync_commit_reg_reg[7]/C
  -------------------------------------------------------------------    -------------------
    SLICE_X14Y93         FDRE (Prop_fdre_C_Q)         0.518     6.783 r  core_inst/eth_mac_inst/tx_fifo/fifo_inst/wr_ptr_sync_commit_reg_reg[7]/Q
                         net (fo=1, routed)           0.973     7.756    core_inst/eth_mac_inst/tx_fifo/fifo_inst/wr_ptr_sync_commit_reg[7]
    SLICE_X11Y93         FDRE                                         r  core_inst/eth_mac_inst/tx_fifo/fifo_inst/wr_ptr_commit_sync_reg_reg[7]/D
  -------------------------------------------------------------------    -------------------

                         (clock phy_tx_clk rise edge)
                                                      0.000     0.000 r  
    H16                                               0.000     0.000 r  phy_tx_clk (IN)
                         net (fo=0)                   0.000     0.000    phy_tx_clk
    H16                  IBUF (Prop_ibuf_I_O)         1.401     1.401 r  phy_tx_clk_IBUF_inst/O
                         net (fo=1, routed)           1.911     3.312    core_inst/eth_mac_inst/eth_mac_1g_mii_inst/mii_phy_if_inst/mii_tx_clk
    BUFGCTRL_X0Y16       BUFG (Prop_bufg_I_O)         0.091     3.403 r  core_inst/eth_mac_inst/eth_mac_1g_mii_inst/mii_phy_if_inst/mii_bufg_inst/O
                         net (fo=141, routed)         1.527     4.930    core_inst/eth_mac_inst/tx_fifo/fifo_inst/tx_clk
    SLICE_X11Y93         FDRE                                         r  core_inst/eth_mac_inst/tx_fifo/fifo_inst/wr_ptr_commit_sync_reg_reg[7]/C
                         clock pessimism              0.000     4.930    
    SLICE_X11Y93         FDRE (Setup_fdre_C_D)       -0.101     4.829    core_inst/eth_mac_inst/tx_fifo/fifo_inst/wr_ptr_commit_sync_reg_reg[7]
  -------------------------------------------------------------------
                         data arrival                           7.756    
                         clock arrival                          4.829    
  -------------------------------------------------------------------
                         relative delay                         2.927    

Reference path:
    Location             Delay type                Incr(ns)  Path(ns)    Netlist Resource(s)
  -------------------------------------------------------------------    -------------------
                         (clock clk_mmcm_out rise edge)
                                                      0.000     0.000 r  
    E3                                                0.000     0.000 r  clk (IN)
                         net (fo=0)                   0.000     0.000    clk
    E3                   IBUF (Prop_ibuf_I_O)         1.411     1.411 r  clk_ibufg_inst/O
                         net (fo=1, routed)           1.162     2.573    clk_ibufg
    MMCME2_ADV_X1Y2      MMCME2_ADV (Prop_mmcme2_adv_CLKIN1_CLKOUT0)
                                                      0.083     2.656 r  clk_mmcm_inst/CLKOUT0
                         net (fo=1, routed)           1.639     4.295    clk_mmcm_out
    BUFGCTRL_X0Y18       BUFG (Prop_bufg_I_O)         0.091     4.386 r  clk_bufg_inst/O
                         net (fo=4115, routed)        1.523     5.910    core_inst/eth_mac_inst/tx_fifo/fifo_inst/logic_clk
    SLICE_X15Y92         FDRE                                         r  core_inst/eth_mac_inst/tx_fifo/fifo_inst/wr_ptr_sync_commit_reg_reg[1]/C
  -------------------------------------------------------------------    -------------------
    SLICE_X15Y92         FDRE (Prop_fdre_C_Q)         0.367     6.277 r  core_inst/eth_mac_inst/tx_fifo/fifo_inst/wr_ptr_sync_commit_reg_reg[1]/Q
                         net (fo=1, routed)           0.476     6.753    core_inst/eth_mac_inst/tx_fifo/fifo_inst/wr_ptr_sync_commit_reg[1]
    SLICE_X12Y92         FDRE                                         r  core_inst/eth_mac_inst/tx_fifo/fifo_inst/wr_ptr_commit_sync_reg_reg[1]/D
  -------------------------------------------------------------------    -------------------

                         (clock phy_tx_clk rise edge)
                                                      0.000     0.000 r  
    H16                                               0.000     0.000 r  phy_tx_clk (IN)
                         net (fo=0)                   0.000     0.000    phy_tx_clk
    H16                  IBUF (Prop_ibuf_I_O)         1.471     1.471 r  phy_tx_clk_IBUF_inst/O
                         net (fo=1, routed)           2.016     3.487    core_inst/eth_mac_inst/eth_mac_1g_mii_inst/mii_phy_if_inst/mii_tx_clk
    BUFGCTRL_X0Y16       BUFG (Prop_bufg_I_O)         0.096     3.583 r  core_inst/eth_mac_inst/eth_mac_1g_mii_inst/mii_phy_if_inst/mii_bufg_inst/O
                         net (fo=141, routed)         1.645     5.228    core_inst/eth_mac_inst/tx_fifo/fifo_inst/tx_clk
    SLICE_X12Y92         FDRE                                         r  core_inst/eth_mac_inst/tx_fifo/fifo_inst/wr_ptr_commit_sync_reg_reg[1]/C
                         clock pessimism              0.000     5.228    
    SLICE_X12Y92         FDRE (Hold_fdre_C_D)         0.248     5.476    core_inst/eth_mac_inst/tx_fifo/fifo_inst/wr_ptr_commit_sync_reg_reg[1]
  -------------------------------------------------------------------
                         data arrival                           6.753    
                         clock arrival                          5.476    
  -------------------------------------------------------------------
                         relative delay                         1.277    



Id: 5
set_bus_skew -from [get_cells [list {dbg_hub/inst/BSCANID.u_xsdbm_id/CORE_XSDB.UUT_MASTER/U_ICON_INTERFACE/U_CMD6_RD/U_RD_FIFO/SUBCORE_FIFO.xsdbm_v3_0_0_rdfifo_inst/inst_fifo_gen/gconvfifo.rf/grf.rf/gntv_or_sync_fifo.gcx.clkx/gnxpm_cdc.rd_pntr_gc_reg[0]} {dbg_hub/inst/BSCANID.u_xsdbm_id/CORE_XSDB.UUT_MASTER/U_ICON_INTERFACE/U_CMD6_RD/U_RD_FIFO/SUBCORE_FIFO.xsdbm_v3_0_0_rdfifo_inst/inst_fifo_gen/gconvfifo.rf/grf.rf/gntv_or_sync_fifo.gcx.clkx/gnxpm_cdc.rd_pntr_gc_reg[1]} {dbg_hub/inst/BSCANID.u_xsdbm_id/CORE_XSDB.UUT_MASTER/U_ICON_INTERFACE/U_CMD6_RD/U_RD_FIFO/SUBCORE_FIFO.xsdbm_v3_0_0_rdfifo_inst/inst_fifo_gen/gconvfifo.rf/grf.rf/gntv_or_sync_fifo.gcx.clkx/gnxpm_cdc.rd_pntr_gc_reg[2]} {dbg_hub/inst/BSCANID.u_xsdbm_id/CORE_XSDB.UUT_MASTER/U_ICON_INTERFACE/U_CMD6_RD/U_RD_FIFO/SUBCORE_FIFO.xsdbm_v3_0_0_rdfifo_inst/inst_fifo_gen/gconvfifo.rf/grf.rf/gntv_or_sync_fifo.gcx.clkx/gnxpm_cdc.rd_pntr_gc_reg[3]}]] -to [get_cells [list {dbg_hub/inst/BSCANID.u_xsdbm_id/CORE_XSDB.UUT_MASTER/U_ICON_INTERFACE/U_CMD6_RD/U_RD_FIFO/SUBCORE_FIFO.xsdbm_v3_0_0_rdfifo_inst/inst_fifo_gen/gconvfifo.rf/grf.rf/gntv_or_sync_fifo.gcx.clkx/gnxpm_cdc.gsync_stage[1].wr_stg_inst/Q_reg_reg[0]} {dbg_hub/inst/BSCANID.u_xsdbm_id/CORE_XSDB.UUT_MASTER/U_ICON_INTERFACE/U_CMD6_RD/U_RD_FIFO/SUBCORE_FIFO.xsdbm_v3_0_0_rdfifo_inst/inst_fifo_gen/gconvfifo.rf/grf.rf/gntv_or_sync_fifo.gcx.clkx/gnxpm_cdc.gsync_stage[1].wr_stg_inst/Q_reg_reg[1]} {dbg_hub/inst/BSCANID.u_xsdbm_id/CORE_XSDB.UUT_MASTER/U_ICON_INTERFACE/U_CMD6_RD/U_RD_FIFO/SUBCORE_FIFO.xsdbm_v3_0_0_rdfifo_inst/inst_fifo_gen/gconvfifo.rf/grf.rf/gntv_or_sync_fifo.gcx.clkx/gnxpm_cdc.gsync_stage[1].wr_stg_inst/Q_reg_reg[2]} {dbg_hub/inst/BSCANID.u_xsdbm_id/CORE_XSDB.UUT_MASTER/U_ICON_INTERFACE/U_CMD6_RD/U_RD_FIFO/SUBCORE_FIFO.xsdbm_v3_0_0_rdfifo_inst/inst_fifo_gen/gconvfifo.rf/grf.rf/gntv_or_sync_fifo.gcx.clkx/gnxpm_cdc.gsync_stage[1].wr_stg_inst/Q_reg_reg[3]}]] 8.000
Requirement: 8.000ns
Endpoints: 4

From Clock            To Clock              Endpoint Pin                    Reference Pin                   Corner  Actual(ns)  Slack(ns)
--------------------  --------------------  ------------------------------  ------------------------------  ------  ----------  ---------
dbg_hub/inst/BSCANID.u_xsdbm_id/SWITCH_N_EXT_BSCAN.bscan_inst/SERIES7_BSCAN.bscan_inst/TCK
                      clk_mmcm_out          dbg_hub/inst/BSCANID.u_xsdbm_id/CORE_XSDB.UUT_MASTER/U_ICON_INTERFACE/U_CMD6_RD/U_RD_FIFO/SUBCORE_FIFO.xsdbm_v3_0_0_rdfifo_inst/inst_fifo_gen/gconvfifo.rf/grf.rf/gntv_or_sync_fifo.gcx.clkx/gnxpm_cdc.gsync_stage[1].wr_stg_inst/Q_reg_reg[0]/D
                                                                            dbg_hub/inst/BSCANID.u_xsdbm_id/CORE_XSDB.UUT_MASTER/U_ICON_INTERFACE/U_CMD6_RD/U_RD_FIFO/SUBCORE_FIFO.xsdbm_v3_0_0_rdfifo_inst/inst_fifo_gen/gconvfifo.rf/grf.rf/gntv_or_sync_fifo.gcx.clkx/gnxpm_cdc.gsync_stage[1].wr_stg_inst/Q_reg_reg[1]/D
                                                                                                            Slow         0.819      7.181


Slack (MET) :             7.181ns  (requirement - actual skew)
  Endpoint Source:        dbg_hub/inst/BSCANID.u_xsdbm_id/CORE_XSDB.UUT_MASTER/U_ICON_INTERFACE/U_CMD6_RD/U_RD_FIFO/SUBCORE_FIFO.xsdbm_v3_0_0_rdfifo_inst/inst_fifo_gen/gconvfifo.rf/grf.rf/gntv_or_sync_fifo.gcx.clkx/gnxpm_cdc.rd_pntr_gc_reg[0]/C
                            (rising edge-triggered cell FDCE clocked by dbg_hub/inst/BSCANID.u_xsdbm_id/SWITCH_N_EXT_BSCAN.bscan_inst/SERIES7_BSCAN.bscan_inst/TCK)
  Endpoint Destination:   dbg_hub/inst/BSCANID.u_xsdbm_id/CORE_XSDB.UUT_MASTER/U_ICON_INTERFACE/U_CMD6_RD/U_RD_FIFO/SUBCORE_FIFO.xsdbm_v3_0_0_rdfifo_inst/inst_fifo_gen/gconvfifo.rf/grf.rf/gntv_or_sync_fifo.gcx.clkx/gnxpm_cdc.gsync_stage[1].wr_stg_inst/Q_reg_reg[0]/D
                            (rising edge-triggered cell FDCE clocked by clk_mmcm_out)
  Reference Source:       dbg_hub/inst/BSCANID.u_xsdbm_id/CORE_XSDB.UUT_MASTER/U_ICON_INTERFACE/U_CMD6_RD/U_RD_FIFO/SUBCORE_FIFO.xsdbm_v3_0_0_rdfifo_inst/inst_fifo_gen/gconvfifo.rf/grf.rf/gntv_or_sync_fifo.gcx.clkx/gnxpm_cdc.rd_pntr_gc_reg[1]/C
                            (rising edge-triggered cell FDCE clocked by dbg_hub/inst/BSCANID.u_xsdbm_id/SWITCH_N_EXT_BSCAN.bscan_inst/SERIES7_BSCAN.bscan_inst/TCK)
  Reference Destination:  dbg_hub/inst/BSCANID.u_xsdbm_id/CORE_XSDB.UUT_MASTER/U_ICON_INTERFACE/U_CMD6_RD/U_RD_FIFO/SUBCORE_FIFO.xsdbm_v3_0_0_rdfifo_inst/inst_fifo_gen/gconvfifo.rf/grf.rf/gntv_or_sync_fifo.gcx.clkx/gnxpm_cdc.gsync_stage[1].wr_stg_inst/Q_reg_reg[1]/D
                            (rising edge-triggered cell FDCE clocked by clk_mmcm_out)
  Path Type:              Bus Skew (Max at Slow Process Corner)
  Requirement:            8.000ns
  Endpoint Relative Delay:   -0.905ns
  Reference Relative Delay:  -2.452ns
  Relative CRPR:              0.729ns
  Actual Bus Skew:            0.819ns  (Endpoint Relative Delay - Reference Relative Delay - Relative CRPR)

Endpoint path:
    Location             Delay type                Incr(ns)  Path(ns)    Netlist Resource(s)
  -------------------------------------------------------------------    -------------------
                         (clock dbg_hub/inst/BSCANID.u_xsdbm_id/SWITCH_N_EXT_BSCAN.bscan_inst/SERIES7_BSCAN.bscan_inst/TCK rise edge)
                                                      0.000     0.000 r  
    BSCAN_X0Y0           BSCANE2                      0.000     0.000 r  dbg_hub/inst/BSCANID.u_xsdbm_id/SWITCH_N_EXT_BSCAN.bscan_inst/SERIES7_BSCAN.bscan_inst/TCK
                         net (fo=1, routed)           1.945     1.945    dbg_hub/inst/BSCANID.u_xsdbm_id/tck_bs
    BUFGCTRL_X0Y0        BUFG (Prop_bufg_I_O)         0.096     2.041 r  dbg_hub/inst/BSCANID.u_xsdbm_id/SWITCH_N_EXT_BSCAN.u_bufg_icon_tck/O
                         net (fo=482, routed)         1.603     3.644    dbg_hub/inst/BSCANID.u_xsdbm_id/CORE_XSDB.UUT_MASTER/U_ICON_INTERFACE/U_CMD6_RD/U_RD_FIFO/SUBCORE_FIFO.xsdbm_v3_0_0_rdfifo_inst/inst_fifo_gen/gconvfifo.rf/grf.rf/gntv_or_sync_fifo.gcx.clkx/rd_clk
    SLICE_X54Y133        FDCE                                         r  dbg_hub/inst/BSCANID.u_xsdbm_id/CORE_XSDB.UUT_MASTER/U_ICON_INTERFACE/U_CMD6_RD/U_RD_FIFO/SUBCORE_FIFO.xsdbm_v3_0_0_rdfifo_inst/inst_fifo_gen/gconvfifo.rf/grf.rf/gntv_or_sync_fifo.gcx.clkx/gnxpm_cdc.rd_pntr_gc_reg[0]/C
  -------------------------------------------------------------------    -------------------
    SLICE_X54Y133        FDCE (Prop_fdce_C_Q)         0.478     4.122 r  dbg_hub/inst/BSCANID.u_xsdbm_id/CORE_XSDB.UUT_MASTER/U_ICON_INTERFACE/U_CMD6_RD/U_RD_FIFO/SUBCORE_FIFO.xsdbm_v3_0_0_rdfifo_inst/inst_fifo_gen/gconvfifo.rf/grf.rf/gntv_or_sync_fifo.gcx.clkx/gnxpm_cdc.rd_pntr_gc_reg[0]/Q
                         net (fo=1, routed)           0.622     4.745    dbg_hub/inst/BSCANID.u_xsdbm_id/CORE_XSDB.UUT_MASTER/U_ICON_INTERFACE/U_CMD6_RD/U_RD_FIFO/SUBCORE_FIFO.xsdbm_v3_0_0_rdfifo_inst/inst_fifo_gen/gconvfifo.rf/grf.rf/gntv_or_sync_fifo.gcx.clkx/gnxpm_cdc.gsync_stage[1].wr_stg_inst/Q[0]
    SLICE_X54Y134        FDCE                                         r  dbg_hub/inst/BSCANID.u_xsdbm_id/CORE_XSDB.UUT_MASTER/U_ICON_INTERFACE/U_CMD6_RD/U_RD_FIFO/SUBCORE_FIFO.xsdbm_v3_0_0_rdfifo_inst/inst_fifo_gen/gconvfifo.rf/grf.rf/gntv_or_sync_fifo.gcx.clkx/gnxpm_cdc.gsync_stage[1].wr_stg_inst/Q_reg_reg[0]/D
  -------------------------------------------------------------------    -------------------

                         (clock clk_mmcm_out rise edge)
                                                      0.000     0.000 r  
    E3                                                0.000     0.000 r  clk (IN)
                         net (fo=0)                   0.000     0.000    clk
    E3                   IBUF (Prop_ibuf_I_O)         1.411     1.411 r  clk_ibufg_inst/O
                         net (fo=1, routed)           1.162     2.573    clk_ibufg
    MMCME2_ADV_X1Y2      MMCME2_ADV (Prop_mmcme2_adv_CLKIN1_CLKOUT0)
                                                      0.083     2.656 r  clk_mmcm_inst/CLKOUT0
                         net (fo=1, routed)           1.639     4.295    clk_mmcm_out
    BUFGCTRL_X0Y18       BUFG (Prop_bufg_I_O)         0.091     4.386 r  clk_bufg_inst/O
                         net (fo=4115, routed)        1.482     5.868    dbg_hub/inst/BSCANID.u_xsdbm_id/CORE_XSDB.UUT_MASTER/U_ICON_INTERFACE/U_CMD6_RD/U_RD_FIFO/SUBCORE_FIFO.xsdbm_v3_0_0_rdfifo_inst/inst_fifo_gen/gconvfifo.rf/grf.rf/gntv_or_sync_fifo.gcx.clkx/gnxpm_cdc.gsync_stage[1].wr_stg_inst/wr_clk
    SLICE_X54Y134        FDCE                                         r  dbg_hub/inst/BSCANID.u_xsdbm_id/CORE_XSDB.UUT_MASTER/U_ICON_INTERFACE/U_CMD6_RD/U_RD_FIFO/SUBCORE_FIFO.xsdbm_v3_0_0_rdfifo_inst/inst_fifo_gen/gconvfifo.rf/grf.rf/gntv_or_sync_fifo.gcx.clkx/gnxpm_cdc.gsync_stage[1].wr_stg_inst/Q_reg_reg[0]/C
                         clock pessimism              0.000     5.868    
    SLICE_X54Y134        FDCE (Setup_fdce_C_D)       -0.218     5.650    dbg_hub/inst/BSCANID.u_xsdbm_id/CORE_XSDB.UUT_MASTER/U_ICON_INTERFACE/U_CMD6_RD/U_RD_FIFO/SUBCORE_FIFO.xsdbm_v3_0_0_rdfifo_inst/inst_fifo_gen/gconvfifo.rf/grf.rf/gntv_or_sync_fifo.gcx.clkx/gnxpm_cdc.gsync_stage[1].wr_stg_inst/Q_reg_reg[0]
  -------------------------------------------------------------------
                         data arrival                           4.745    
                         clock arrival                          5.650    
  -------------------------------------------------------------------
                         relative delay                        -0.905    

Reference path:
    Location             Delay type                Incr(ns)  Path(ns)    Netlist Resource(s)
  -------------------------------------------------------------------    -------------------
                         (clock dbg_hub/inst/BSCANID.u_xsdbm_id/SWITCH_N_EXT_BSCAN.bscan_inst/SERIES7_BSCAN.bscan_inst/TCK rise edge)
                                                      0.000     0.000 r  
    BSCAN_X0Y0           BSCANE2                      0.000     0.000 r  dbg_hub/inst/BSCANID.u_xsdbm_id/SWITCH_N_EXT_BSCAN.bscan_inst/SERIES7_BSCAN.bscan_inst/TCK
                         net (fo=1, routed)           1.669     1.669    dbg_hub/inst/BSCANID.u_xsdbm_id/tck_bs
    BUFGCTRL_X0Y0        BUFG (Prop_bufg_I_O)         0.091     1.760 r  dbg_hub/inst/BSCANID.u_xsdbm_id/SWITCH_N_EXT_BSCAN.u_bufg_icon_tck/O
                         net (fo=482, routed)         1.485     3.245    dbg_hub/inst/BSCANID.u_xsdbm_id/CORE_XSDB.UUT_MASTER/U_ICON_INTERFACE/U_CMD6_RD/U_RD_FIFO/SUBCORE_FIFO.xsdbm_v3_0_0_rdfifo_inst/inst_fifo_gen/gconvfifo.rf/grf.rf/gntv_or_sync_fifo.gcx.clkx/rd_clk
    SLICE_X53Y134        FDCE                                         r  dbg_hub/inst/BSCANID.u_xsdbm_id/CORE_XSDB.UUT_MASTER/U_ICON_INTERFACE/U_CMD6_RD/U_RD_FIFO/SUBCORE_FIFO.xsdbm_v3_0_0_rdfifo_inst/inst_fifo_gen/gconvfifo.rf/grf.rf/gntv_or_sync_fifo.gcx.clkx/gnxpm_cdc.rd_pntr_gc_reg[1]/C
  -------------------------------------------------------------------    -------------------
    SLICE_X53Y134        FDCE (Prop_fdce_C_Q)         0.367     3.612 r  dbg_hub/inst/BSCANID.u_xsdbm_id/CORE_XSDB.UUT_MASTER/U_ICON_INTERFACE/U_CMD6_RD/U_RD_FIFO/SUBCORE_FIFO.xsdbm_v3_0_0_rdfifo_inst/inst_fifo_gen/gconvfifo.rf/grf.rf/gntv_or_sync_fifo.gcx.clkx/gnxpm_cdc.rd_pntr_gc_reg[1]/Q
                         net (fo=1, routed)           0.389     4.001    dbg_hub/inst/BSCANID.u_xsdbm_id/CORE_XSDB.UUT_MASTER/U_ICON_INTERFACE/U_CMD6_RD/U_RD_FIFO/SUBCORE_FIFO.xsdbm_v3_0_0_rdfifo_inst/inst_fifo_gen/gconvfifo.rf/grf.rf/gntv_or_sync_fifo.gcx.clkx/gnxpm_cdc.gsync_stage[1].wr_stg_inst/Q[1]
    SLICE_X54Y134        FDCE                                         r  dbg_hub/inst/BSCANID.u_xsdbm_id/CORE_XSDB.UUT_MASTER/U_ICON_INTERFACE/U_CMD6_RD/U_RD_FIFO/SUBCORE_FIFO.xsdbm_v3_0_0_rdfifo_inst/inst_fifo_gen/gconvfifo.rf/grf.rf/gntv_or_sync_fifo.gcx.clkx/gnxpm_cdc.gsync_stage[1].wr_stg_inst/Q_reg_reg[1]/D
  -------------------------------------------------------------------    -------------------

                         (clock clk_mmcm_out rise edge)
                                                      0.000     0.000 r  
    E3                                                0.000     0.000 r  clk (IN)
                         net (fo=0)                   0.000     0.000    clk
    E3                   IBUF (Prop_ibuf_I_O)         1.482     1.482 r  clk_ibufg_inst/O
                         net (fo=1, routed)           1.233     2.715    clk_ibufg
    MMCME2_ADV_X1Y2      MMCME2_ADV (Prop_mmcme2_adv_CLKIN1_CLKOUT0)
                                                      0.088     2.803 r  clk_mmcm_inst/CLKOUT0
                         net (fo=1, routed)           1.719     4.522    clk_mmcm_out
    BUFGCTRL_X0Y18       BUFG (Prop_bufg_I_O)         0.096     4.618 r  clk_bufg_inst/O
                         net (fo=4115, routed)        1.602     6.220    dbg_hub/inst/BSCANID.u_xsdbm_id/CORE_XSDB.UUT_MASTER/U_ICON_INTERFACE/U_CMD6_RD/U_RD_FIFO/SUBCORE_FIFO.xsdbm_v3_0_0_rdfifo_inst/inst_fifo_gen/gconvfifo.rf/grf.rf/gntv_or_sync_fifo.gcx.clkx/gnxpm_cdc.gsync_stage[1].wr_stg_inst/wr_clk
    SLICE_X54Y134        FDCE                                         r  dbg_hub/inst/BSCANID.u_xsdbm_id/CORE_XSDB.UUT_MASTER/U_ICON_INTERFACE/U_CMD6_RD/U_RD_FIFO/SUBCORE_FIFO.xsdbm_v3_0_0_rdfifo_inst/inst_fifo_gen/gconvfifo.rf/grf.rf/gntv_or_sync_fifo.gcx.clkx/gnxpm_cdc.gsync_stage[1].wr_stg_inst/Q_reg_reg[1]/C
                         clock pessimism              0.000     6.220    
    SLICE_X54Y134        FDCE (Hold_fdce_C_D)         0.233     6.453    dbg_hub/inst/BSCANID.u_xsdbm_id/CORE_XSDB.UUT_MASTER/U_ICON_INTERFACE/U_CMD6_RD/U_RD_FIFO/SUBCORE_FIFO.xsdbm_v3_0_0_rdfifo_inst/inst_fifo_gen/gconvfifo.rf/grf.rf/gntv_or_sync_fifo.gcx.clkx/gnxpm_cdc.gsync_stage[1].wr_stg_inst/Q_reg_reg[1]
  -------------------------------------------------------------------
                         data arrival                           4.001    
                         clock arrival                          6.453    
  -------------------------------------------------------------------
                         relative delay                        -2.452    



Id: 6
set_bus_skew -from [get_cells [list {dbg_hub/inst/BSCANID.u_xsdbm_id/CORE_XSDB.UUT_MASTER/U_ICON_INTERFACE/U_CMD6_RD/U_RD_FIFO/SUBCORE_FIFO.xsdbm_v3_0_0_rdfifo_inst/inst_fifo_gen/gconvfifo.rf/grf.rf/gntv_or_sync_fifo.gcx.clkx/gnxpm_cdc.wr_pntr_gc_reg[0]} {dbg_hub/inst/BSCANID.u_xsdbm_id/CORE_XSDB.UUT_MASTER/U_ICON_INTERFACE/U_CMD6_RD/U_RD_FIFO/SUBCORE_FIFO.xsdbm_v3_0_0_rdfifo_inst/inst_fifo_gen/gconvfifo.rf/grf.rf/gntv_or_sync_fifo.gcx.clkx/gnxpm_cdc.wr_pntr_gc_reg[1]} {dbg_hub/inst/BSCANID.u_xsdbm_id/CORE_XSDB.UUT_MASTER/U_ICON_INTERFACE/U_CMD6_RD/U_RD_FIFO/SUBCORE_FIFO.xsdbm_v3_0_0_rdfifo_inst/inst_fifo_gen/gconvfifo.rf/grf.rf/gntv_or_sync_fifo.gcx.clkx/gnxpm_cdc.wr_pntr_gc_reg[2]} {dbg_hub/inst/BSCANID.u_xsdbm_id/CORE_XSDB.UUT_MASTER/U_ICON_INTERFACE/U_CMD6_RD/U_RD_FIFO/SUBCORE_FIFO.xsdbm_v3_0_0_rdfifo_inst/inst_fifo_gen/gconvfifo.rf/grf.rf/gntv_or_sync_fifo.gcx.clkx/gnxpm_cdc.wr_pntr_gc_reg[3]}]] -to [get_cells [list {dbg_hub/inst/BSCANID.u_xsdbm_id/CORE_XSDB.UUT_MASTER/U_ICON_INTERFACE/U_CMD6_RD/U_RD_FIFO/SUBCORE_FIFO.xsdbm_v3_0_0_rdfifo_inst/inst_fifo_gen/gconvfifo.rf/grf.rf/gntv_or_sync_fifo.gcx.clkx/gnxpm_cdc.gsync_stage[1].rd_stg_inst/Q_reg_reg[0]} {dbg_hub/inst/BSCANID.u_xsdbm_id/CORE_XSDB.UUT_MASTER/U_ICON_INTERFACE/U_CMD6_RD/U_RD_FIFO/SUBCORE_FIFO.xsdbm_v3_0_0_rdfifo_inst/inst_fifo_gen/gconvfifo.rf/grf.rf/gntv_or_sync_fifo.gcx.clkx/gnxpm_cdc.gsync_stage[1].rd_stg_inst/Q_reg_reg[1]} {dbg_hub/inst/BSCANID.u_xsdbm_id/CORE_XSDB.UUT_MASTER/U_ICON_INTERFACE/U_CMD6_RD/U_RD_FIFO/SUBCORE_FIFO.xsdbm_v3_0_0_rdfifo_inst/inst_fifo_gen/gconvfifo.rf/grf.rf/gntv_or_sync_fifo.gcx.clkx/gnxpm_cdc.gsync_stage[1].rd_stg_inst/Q_reg_reg[2]} {dbg_hub/inst/BSCANID.u_xsdbm_id/CORE_XSDB.UUT_MASTER/U_ICON_INTERFACE/U_CMD6_RD/U_RD_FIFO/SUBCORE_FIFO.xsdbm_v3_0_0_rdfifo_inst/inst_fifo_gen/gconvfifo.rf/grf.rf/gntv_or_sync_fifo.gcx.clkx/gnxpm_cdc.gsync_stage[1].rd_stg_inst/Q_reg_reg[3]}]] 8.000
Requirement: 8.000ns
Endpoints: 4

From Clock            To Clock              Endpoint Pin                    Reference Pin                   Corner  Actual(ns)  Slack(ns)
--------------------  --------------------  ------------------------------  ------------------------------  ------  ----------  ---------
clk_mmcm_out          dbg_hub/inst/BSCANID.u_xsdbm_id/SWITCH_N_EXT_BSCAN.bscan_inst/SERIES7_BSCAN.bscan_inst/TCK
                                            dbg_hub/inst/BSCANID.u_xsdbm_id/CORE_XSDB.UUT_MASTER/U_ICON_INTERFACE/U_CMD6_RD/U_RD_FIFO/SUBCORE_FIFO.xsdbm_v3_0_0_rdfifo_inst/inst_fifo_gen/gconvfifo.rf/grf.rf/gntv_or_sync_fifo.gcx.clkx/gnxpm_cdc.gsync_stage[1].rd_stg_inst/Q_reg_reg[3]/D
                                                                            dbg_hub/inst/BSCANID.u_xsdbm_id/CORE_XSDB.UUT_MASTER/U_ICON_INTERFACE/U_CMD6_RD/U_RD_FIFO/SUBCORE_FIFO.xsdbm_v3_0_0_rdfifo_inst/inst_fifo_gen/gconvfifo.rf/grf.rf/gntv_or_sync_fifo.gcx.clkx/gnxpm_cdc.gsync_stage[1].rd_stg_inst/Q_reg_reg[0]/D
                                                                                                            Slow         0.747      7.253


Slack (MET) :             7.253ns  (requirement - actual skew)
  Endpoint Source:        dbg_hub/inst/BSCANID.u_xsdbm_id/CORE_XSDB.UUT_MASTER/U_ICON_INTERFACE/U_CMD6_RD/U_RD_FIFO/SUBCORE_FIFO.xsdbm_v3_0_0_rdfifo_inst/inst_fifo_gen/gconvfifo.rf/grf.rf/gntv_or_sync_fifo.gcx.clkx/gnxpm_cdc.wr_pntr_gc_reg[3]/C
                            (rising edge-triggered cell FDCE clocked by clk_mmcm_out)
  Endpoint Destination:   dbg_hub/inst/BSCANID.u_xsdbm_id/CORE_XSDB.UUT_MASTER/U_ICON_INTERFACE/U_CMD6_RD/U_RD_FIFO/SUBCORE_FIFO.xsdbm_v3_0_0_rdfifo_inst/inst_fifo_gen/gconvfifo.rf/grf.rf/gntv_or_sync_fifo.gcx.clkx/gnxpm_cdc.gsync_stage[1].rd_stg_inst/Q_reg_reg[3]/D
                            (rising edge-triggered cell FDCE clocked by dbg_hub/inst/BSCANID.u_xsdbm_id/SWITCH_N_EXT_BSCAN.bscan_inst/SERIES7_BSCAN.bscan_inst/TCK)
  Reference Source:       dbg_hub/inst/BSCANID.u_xsdbm_id/CORE_XSDB.UUT_MASTER/U_ICON_INTERFACE/U_CMD6_RD/U_RD_FIFO/SUBCORE_FIFO.xsdbm_v3_0_0_rdfifo_inst/inst_fifo_gen/gconvfifo.rf/grf.rf/gntv_or_sync_fifo.gcx.clkx/gnxpm_cdc.wr_pntr_gc_reg[0]/C
                            (rising edge-triggered cell FDCE clocked by clk_mmcm_out)
  Reference Destination:  dbg_hub/inst/BSCANID.u_xsdbm_id/CORE_XSDB.UUT_MASTER/U_ICON_INTERFACE/U_CMD6_RD/U_RD_FIFO/SUBCORE_FIFO.xsdbm_v3_0_0_rdfifo_inst/inst_fifo_gen/gconvfifo.rf/grf.rf/gntv_or_sync_fifo.gcx.clkx/gnxpm_cdc.gsync_stage[1].rd_stg_inst/Q_reg_reg[0]/D
                            (rising edge-triggered cell FDCE clocked by dbg_hub/inst/BSCANID.u_xsdbm_id/SWITCH_N_EXT_BSCAN.bscan_inst/SERIES7_BSCAN.bscan_inst/TCK)
  Path Type:              Bus Skew (Max at Slow Process Corner)
  Requirement:            8.000ns
  Endpoint Relative Delay:    4.296ns
  Reference Relative Delay:   2.797ns
  Relative CRPR:              0.753ns
  Actual Bus Skew:            0.747ns  (Endpoint Relative Delay - Reference Relative Delay - Relative CRPR)

Endpoint path:
    Location             Delay type                Incr(ns)  Path(ns)    Netlist Resource(s)
  -------------------------------------------------------------------    -------------------
                         (clock clk_mmcm_out rise edge)
                                                      0.000     0.000 r  
    E3                                                0.000     0.000 r  clk (IN)
                         net (fo=0)                   0.000     0.000    clk
    E3                   IBUF (Prop_ibuf_I_O)         1.482     1.482 r  clk_ibufg_inst/O
                         net (fo=1, routed)           1.233     2.715    clk_ibufg
    MMCME2_ADV_X1Y2      MMCME2_ADV (Prop_mmcme2_adv_CLKIN1_CLKOUT0)
                                                      0.088     2.803 r  clk_mmcm_inst/CLKOUT0
                         net (fo=1, routed)           1.719     4.522    clk_mmcm_out
    BUFGCTRL_X0Y18       BUFG (Prop_bufg_I_O)         0.096     4.618 r  clk_bufg_inst/O
                         net (fo=4115, routed)        1.602     6.220    dbg_hub/inst/BSCANID.u_xsdbm_id/CORE_XSDB.UUT_MASTER/U_ICON_INTERFACE/U_CMD6_RD/U_RD_FIFO/SUBCORE_FIFO.xsdbm_v3_0_0_rdfifo_inst/inst_fifo_gen/gconvfifo.rf/grf.rf/gntv_or_sync_fifo.gcx.clkx/wr_clk
    SLICE_X52Y134        FDCE                                         r  dbg_hub/inst/BSCANID.u_xsdbm_id/CORE_XSDB.UUT_MASTER/U_ICON_INTERFACE/U_CMD6_RD/U_RD_FIFO/SUBCORE_FIFO.xsdbm_v3_0_0_rdfifo_inst/inst_fifo_gen/gconvfifo.rf/grf.rf/gntv_or_sync_fifo.gcx.clkx/gnxpm_cdc.wr_pntr_gc_reg[3]/C
  -------------------------------------------------------------------    -------------------
    SLICE_X52Y134        FDCE (Prop_fdce_C_Q)         0.419     6.639 r  dbg_hub/inst/BSCANID.u_xsdbm_id/CORE_XSDB.UUT_MASTER/U_ICON_INTERFACE/U_CMD6_RD/U_RD_FIFO/SUBCORE_FIFO.xsdbm_v3_0_0_rdfifo_inst/inst_fifo_gen/gconvfifo.rf/grf.rf/gntv_or_sync_fifo.gcx.clkx/gnxpm_cdc.wr_pntr_gc_reg[3]/Q
                         net (fo=1, routed)           0.633     7.272    dbg_hub/inst/BSCANID.u_xsdbm_id/CORE_XSDB.UUT_MASTER/U_ICON_INTERFACE/U_CMD6_RD/U_RD_FIFO/SUBCORE_FIFO.xsdbm_v3_0_0_rdfifo_inst/inst_fifo_gen/gconvfifo.rf/grf.rf/gntv_or_sync_fifo.gcx.clkx/gnxpm_cdc.gsync_stage[1].rd_stg_inst/Q[3]
    SLICE_X52Y133        FDCE                                         r  dbg_hub/inst/BSCANID.u_xsdbm_id/CORE_XSDB.UUT_MASTER/U_ICON_INTERFACE/U_CMD6_RD/U_RD_FIFO/SUBCORE_FIFO.xsdbm_v3_0_0_rdfifo_inst/inst_fifo_gen/gconvfifo.rf/grf.rf/gntv_or_sync_fifo.gcx.clkx/gnxpm_cdc.gsync_stage[1].rd_stg_inst/Q_reg_reg[3]/D
  -------------------------------------------------------------------    -------------------

                         (clock dbg_hub/inst/BSCANID.u_xsdbm_id/SWITCH_N_EXT_BSCAN.bscan_inst/SERIES7_BSCAN.bscan_inst/TCK rise edge)
                                                      0.000     0.000 r  
    BSCAN_X0Y0           BSCANE2                      0.000     0.000 r  dbg_hub/inst/BSCANID.u_xsdbm_id/SWITCH_N_EXT_BSCAN.bscan_inst/SERIES7_BSCAN.bscan_inst/TCK
                         net (fo=1, routed)           1.669     1.669    dbg_hub/inst/BSCANID.u_xsdbm_id/tck_bs
    BUFGCTRL_X0Y0        BUFG (Prop_bufg_I_O)         0.091     1.760 r  dbg_hub/inst/BSCANID.u_xsdbm_id/SWITCH_N_EXT_BSCAN.u_bufg_icon_tck/O
                         net (fo=482, routed)         1.484     3.244    dbg_hub/inst/BSCANID.u_xsdbm_id/CORE_XSDB.UUT_MASTER/U_ICON_INTERFACE/U_CMD6_RD/U_RD_FIFO/SUBCORE_FIFO.xsdbm_v3_0_0_rdfifo_inst/inst_fifo_gen/gconvfifo.rf/grf.rf/gntv_or_sync_fifo.gcx.clkx/gnxpm_cdc.gsync_stage[1].rd_stg_inst/rd_clk
    SLICE_X52Y133        FDCE                                         r  dbg_hub/inst/BSCANID.u_xsdbm_id/CORE_XSDB.UUT_MASTER/U_ICON_INTERFACE/U_CMD6_RD/U_RD_FIFO/SUBCORE_FIFO.xsdbm_v3_0_0_rdfifo_inst/inst_fifo_gen/gconvfifo.rf/grf.rf/gntv_or_sync_fifo.gcx.clkx/gnxpm_cdc.gsync_stage[1].rd_stg_inst/Q_reg_reg[3]/C
                         clock pessimism              0.000     3.244    
    SLICE_X52Y133        FDCE (Setup_fdce_C_D)       -0.268     2.976    dbg_hub/inst/BSCANID.u_xsdbm_id/CORE_XSDB.UUT_MASTER/U_ICON_INTERFACE/U_CMD6_RD/U_RD_FIFO/SUBCORE_FIFO.xsdbm_v3_0_0_rdfifo_inst/inst_fifo_gen/gconvfifo.rf/grf.rf/gntv_or_sync_fifo.gcx.clkx/gnxpm_cdc.gsync_stage[1].rd_stg_inst/Q_reg_reg[3]
  -------------------------------------------------------------------
                         data arrival                           7.272    
                         clock arrival                          2.976    
  -------------------------------------------------------------------
                         relative delay                         4.296    

Reference path:
    Location             Delay type                Incr(ns)  Path(ns)    Netlist Resource(s)
  -------------------------------------------------------------------    -------------------
                         (clock clk_mmcm_out rise edge)
                                                      0.000     0.000 r  
    E3                                                0.000     0.000 r  clk (IN)
                         net (fo=0)                   0.000     0.000    clk
    E3                   IBUF (Prop_ibuf_I_O)         1.411     1.411 r  clk_ibufg_inst/O
                         net (fo=1, routed)           1.162     2.573    clk_ibufg
    MMCME2_ADV_X1Y2      MMCME2_ADV (Prop_mmcme2_adv_CLKIN1_CLKOUT0)
                                                      0.083     2.656 r  clk_mmcm_inst/CLKOUT0
                         net (fo=1, routed)           1.639     4.295    clk_mmcm_out
    BUFGCTRL_X0Y18       BUFG (Prop_bufg_I_O)         0.091     4.386 r  clk_bufg_inst/O
                         net (fo=4115, routed)        1.482     5.868    dbg_hub/inst/BSCANID.u_xsdbm_id/CORE_XSDB.UUT_MASTER/U_ICON_INTERFACE/U_CMD6_RD/U_RD_FIFO/SUBCORE_FIFO.xsdbm_v3_0_0_rdfifo_inst/inst_fifo_gen/gconvfifo.rf/grf.rf/gntv_or_sync_fifo.gcx.clkx/wr_clk
    SLICE_X52Y134        FDCE                                         r  dbg_hub/inst/BSCANID.u_xsdbm_id/CORE_XSDB.UUT_MASTER/U_ICON_INTERFACE/U_CMD6_RD/U_RD_FIFO/SUBCORE_FIFO.xsdbm_v3_0_0_rdfifo_inst/inst_fifo_gen/gconvfifo.rf/grf.rf/gntv_or_sync_fifo.gcx.clkx/gnxpm_cdc.wr_pntr_gc_reg[0]/C
  -------------------------------------------------------------------    -------------------
    SLICE_X52Y134        FDCE (Prop_fdce_C_Q)         0.367     6.235 r  dbg_hub/inst/BSCANID.u_xsdbm_id/CORE_XSDB.UUT_MASTER/U_ICON_INTERFACE/U_CMD6_RD/U_RD_FIFO/SUBCORE_FIFO.xsdbm_v3_0_0_rdfifo_inst/inst_fifo_gen/gconvfifo.rf/grf.rf/gntv_or_sync_fifo.gcx.clkx/gnxpm_cdc.wr_pntr_gc_reg[0]/Q
                         net (fo=1, routed)           0.376     6.610    dbg_hub/inst/BSCANID.u_xsdbm_id/CORE_XSDB.UUT_MASTER/U_ICON_INTERFACE/U_CMD6_RD/U_RD_FIFO/SUBCORE_FIFO.xsdbm_v3_0_0_rdfifo_inst/inst_fifo_gen/gconvfifo.rf/grf.rf/gntv_or_sync_fifo.gcx.clkx/gnxpm_cdc.gsync_stage[1].rd_stg_inst/Q[0]
    SLICE_X52Y133        FDCE                                         r  dbg_hub/inst/BSCANID.u_xsdbm_id/CORE_XSDB.UUT_MASTER/U_ICON_INTERFACE/U_CMD6_RD/U_RD_FIFO/SUBCORE_FIFO.xsdbm_v3_0_0_rdfifo_inst/inst_fifo_gen/gconvfifo.rf/grf.rf/gntv_or_sync_fifo.gcx.clkx/gnxpm_cdc.gsync_stage[1].rd_stg_inst/Q_reg_reg[0]/D
  -------------------------------------------------------------------    -------------------

                         (clock dbg_hub/inst/BSCANID.u_xsdbm_id/SWITCH_N_EXT_BSCAN.bscan_inst/SERIES7_BSCAN.bscan_inst/TCK rise edge)
                                                      0.000     0.000 r  
    BSCAN_X0Y0           BSCANE2                      0.000     0.000 r  dbg_hub/inst/BSCANID.u_xsdbm_id/SWITCH_N_EXT_BSCAN.bscan_inst/SERIES7_BSCAN.bscan_inst/TCK
                         net (fo=1, routed)           1.945     1.945    dbg_hub/inst/BSCANID.u_xsdbm_id/tck_bs
    BUFGCTRL_X0Y0        BUFG (Prop_bufg_I_O)         0.096     2.041 r  dbg_hub/inst/BSCANID.u_xsdbm_id/SWITCH_N_EXT_BSCAN.u_bufg_icon_tck/O
                         net (fo=482, routed)         1.603     3.644    dbg_hub/inst/BSCANID.u_xsdbm_id/CORE_XSDB.UUT_MASTER/U_ICON_INTERFACE/U_CMD6_RD/U_RD_FIFO/SUBCORE_FIFO.xsdbm_v3_0_0_rdfifo_inst/inst_fifo_gen/gconvfifo.rf/grf.rf/gntv_or_sync_fifo.gcx.clkx/gnxpm_cdc.gsync_stage[1].rd_stg_inst/rd_clk
    SLICE_X52Y133        FDCE                                         r  dbg_hub/inst/BSCANID.u_xsdbm_id/CORE_XSDB.UUT_MASTER/U_ICON_INTERFACE/U_CMD6_RD/U_RD_FIFO/SUBCORE_FIFO.xsdbm_v3_0_0_rdfifo_inst/inst_fifo_gen/gconvfifo.rf/grf.rf/gntv_or_sync_fifo.gcx.clkx/gnxpm_cdc.gsync_stage[1].rd_stg_inst/Q_reg_reg[0]/C
                         clock pessimism              0.000     3.644    
    SLICE_X52Y133        FDCE (Hold_fdce_C_D)         0.169     3.813    dbg_hub/inst/BSCANID.u_xsdbm_id/CORE_XSDB.UUT_MASTER/U_ICON_INTERFACE/U_CMD6_RD/U_RD_FIFO/SUBCORE_FIFO.xsdbm_v3_0_0_rdfifo_inst/inst_fifo_gen/gconvfifo.rf/grf.rf/gntv_or_sync_fifo.gcx.clkx/gnxpm_cdc.gsync_stage[1].rd_stg_inst/Q_reg_reg[0]
  -------------------------------------------------------------------
                         data arrival                           6.610    
                         clock arrival                          3.813    
  -------------------------------------------------------------------
                         relative delay                         2.797    



Id: 7
set_bus_skew -from [get_cells [list {dbg_hub/inst/BSCANID.u_xsdbm_id/CORE_XSDB.UUT_MASTER/U_ICON_INTERFACE/U_CMD6_WR/U_WR_FIFO/SUBCORE_FIFO.xsdbm_v3_0_0_wrfifo_inst/inst_fifo_gen/gconvfifo.rf/grf.rf/gntv_or_sync_fifo.gcx.clkx/gnxpm_cdc.rd_pntr_gc_reg[0]} {dbg_hub/inst/BSCANID.u_xsdbm_id/CORE_XSDB.UUT_MASTER/U_ICON_INTERFACE/U_CMD6_WR/U_WR_FIFO/SUBCORE_FIFO.xsdbm_v3_0_0_wrfifo_inst/inst_fifo_gen/gconvfifo.rf/grf.rf/gntv_or_sync_fifo.gcx.clkx/gnxpm_cdc.rd_pntr_gc_reg[1]} {dbg_hub/inst/BSCANID.u_xsdbm_id/CORE_XSDB.UUT_MASTER/U_ICON_INTERFACE/U_CMD6_WR/U_WR_FIFO/SUBCORE_FIFO.xsdbm_v3_0_0_wrfifo_inst/inst_fifo_gen/gconvfifo.rf/grf.rf/gntv_or_sync_fifo.gcx.clkx/gnxpm_cdc.rd_pntr_gc_reg[2]} {dbg_hub/inst/BSCANID.u_xsdbm_id/CORE_XSDB.UUT_MASTER/U_ICON_INTERFACE/U_CMD6_WR/U_WR_FIFO/SUBCORE_FIFO.xsdbm_v3_0_0_wrfifo_inst/inst_fifo_gen/gconvfifo.rf/grf.rf/gntv_or_sync_fifo.gcx.clkx/gnxpm_cdc.rd_pntr_gc_reg[3]}]] -to [get_cells [list {dbg_hub/inst/BSCANID.u_xsdbm_id/CORE_XSDB.UUT_MASTER/U_ICON_INTERFACE/U_CMD6_WR/U_WR_FIFO/SUBCORE_FIFO.xsdbm_v3_0_0_wrfifo_inst/inst_fifo_gen/gconvfifo.rf/grf.rf/gntv_or_sync_fifo.gcx.clkx/gnxpm_cdc.gsync_stage[1].wr_stg_inst/Q_reg_reg[0]} {dbg_hub/inst/BSCANID.u_xsdbm_id/CORE_XSDB.UUT_MASTER/U_ICON_INTERFACE/U_CMD6_WR/U_WR_FIFO/SUBCORE_FIFO.xsdbm_v3_0_0_wrfifo_inst/inst_fifo_gen/gconvfifo.rf/grf.rf/gntv_or_sync_fifo.gcx.clkx/gnxpm_cdc.gsync_stage[1].wr_stg_inst/Q_reg_reg[1]} {dbg_hub/inst/BSCANID.u_xsdbm_id/CORE_XSDB.UUT_MASTER/U_ICON_INTERFACE/U_CMD6_WR/U_WR_FIFO/SUBCORE_FIFO.xsdbm_v3_0_0_wrfifo_inst/inst_fifo_gen/gconvfifo.rf/grf.rf/gntv_or_sync_fifo.gcx.clkx/gnxpm_cdc.gsync_stage[1].wr_stg_inst/Q_reg_reg[2]} {dbg_hub/inst/BSCANID.u_xsdbm_id/CORE_XSDB.UUT_MASTER/U_ICON_INTERFACE/U_CMD6_WR/U_WR_FIFO/SUBCORE_FIFO.xsdbm_v3_0_0_wrfifo_inst/inst_fifo_gen/gconvfifo.rf/grf.rf/gntv_or_sync_fifo.gcx.clkx/gnxpm_cdc.gsync_stage[1].wr_stg_inst/Q_reg_reg[3]}]] 8.000
Requirement: 8.000ns
Endpoints: 4

From Clock            To Clock              Endpoint Pin                    Reference Pin                   Corner  Actual(ns)  Slack(ns)
--------------------  --------------------  ------------------------------  ------------------------------  ------  ----------  ---------
clk_mmcm_out          dbg_hub/inst/BSCANID.u_xsdbm_id/SWITCH_N_EXT_BSCAN.bscan_inst/SERIES7_BSCAN.bscan_inst/TCK
                                            dbg_hub/inst/BSCANID.u_xsdbm_id/CORE_XSDB.UUT_MASTER/U_ICON_INTERFACE/U_CMD6_WR/U_WR_FIFO/SUBCORE_FIFO.xsdbm_v3_0_0_wrfifo_inst/inst_fifo_gen/gconvfifo.rf/grf.rf/gntv_or_sync_fifo.gcx.clkx/gnxpm_cdc.gsync_stage[1].wr_stg_inst/Q_reg_reg[0]/D
                                                                            dbg_hub/inst/BSCANID.u_xsdbm_id/CORE_XSDB.UUT_MASTER/U_ICON_INTERFACE/U_CMD6_WR/U_WR_FIFO/SUBCORE_FIFO.xsdbm_v3_0_0_wrfifo_inst/inst_fifo_gen/gconvfifo.rf/grf.rf/gntv_or_sync_fifo.gcx.clkx/gnxpm_cdc.gsync_stage[1].wr_stg_inst/Q_reg_reg[3]/D
                                                                                                            Slow         0.874      7.126


Slack (MET) :             7.126ns  (requirement - actual skew)
  Endpoint Source:        dbg_hub/inst/BSCANID.u_xsdbm_id/CORE_XSDB.UUT_MASTER/U_ICON_INTERFACE/U_CMD6_WR/U_WR_FIFO/SUBCORE_FIFO.xsdbm_v3_0_0_wrfifo_inst/inst_fifo_gen/gconvfifo.rf/grf.rf/gntv_or_sync_fifo.gcx.clkx/gnxpm_cdc.rd_pntr_gc_reg[0]/C
                            (rising edge-triggered cell FDCE clocked by clk_mmcm_out)
  Endpoint Destination:   dbg_hub/inst/BSCANID.u_xsdbm_id/CORE_XSDB.UUT_MASTER/U_ICON_INTERFACE/U_CMD6_WR/U_WR_FIFO/SUBCORE_FIFO.xsdbm_v3_0_0_wrfifo_inst/inst_fifo_gen/gconvfifo.rf/grf.rf/gntv_or_sync_fifo.gcx.clkx/gnxpm_cdc.gsync_stage[1].wr_stg_inst/Q_reg_reg[0]/D
                            (rising edge-triggered cell FDCE clocked by dbg_hub/inst/BSCANID.u_xsdbm_id/SWITCH_N_EXT_BSCAN.bscan_inst/SERIES7_BSCAN.bscan_inst/TCK)
  Reference Source:       dbg_hub/inst/BSCANID.u_xsdbm_id/CORE_XSDB.UUT_MASTER/U_ICON_INTERFACE/U_CMD6_WR/U_WR_FIFO/SUBCORE_FIFO.xsdbm_v3_0_0_wrfifo_inst/inst_fifo_gen/gconvfifo.rf/grf.rf/gntv_or_sync_fifo.gcx.clkx/gnxpm_cdc.rd_pntr_gc_reg[3]/C
                            (rising edge-triggered cell FDCE clocked by clk_mmcm_out)
  Reference Destination:  dbg_hub/inst/BSCANID.u_xsdbm_id/CORE_XSDB.UUT_MASTER/U_ICON_INTERFACE/U_CMD6_WR/U_WR_FIFO/SUBCORE_FIFO.xsdbm_v3_0_0_wrfifo_inst/inst_fifo_gen/gconvfifo.rf/grf.rf/gntv_or_sync_fifo.gcx.clkx/gnxpm_cdc.gsync_stage[1].wr_stg_inst/Q_reg_reg[3]/D
                            (rising edge-triggered cell FDCE clocked by dbg_hub/inst/BSCANID.u_xsdbm_id/SWITCH_N_EXT_BSCAN.bscan_inst/SERIES7_BSCAN.bscan_inst/TCK)
  Path Type:              Bus Skew (Max at Slow Process Corner)
  Requirement:            8.000ns
  Endpoint Relative Delay:    4.360ns
  Reference Relative Delay:   2.757ns
  Relative CRPR:              0.730ns
  Actual Bus Skew:            0.874ns  (Endpoint Relative Delay - Reference Relative Delay - Relative CRPR)

Endpoint path:
    Location             Delay type                Incr(ns)  Path(ns)    Netlist Resource(s)
  -------------------------------------------------------------------    -------------------
                         (clock clk_mmcm_out rise edge)
                                                      0.000     0.000 r  
    E3                                                0.000     0.000 r  clk (IN)
                         net (fo=0)                   0.000     0.000    clk
    E3                   IBUF (Prop_ibuf_I_O)         1.482     1.482 r  clk_ibufg_inst/O
                         net (fo=1, routed)           1.233     2.715    clk_ibufg
    MMCME2_ADV_X1Y2      MMCME2_ADV (Prop_mmcme2_adv_CLKIN1_CLKOUT0)
                                                      0.088     2.803 r  clk_mmcm_inst/CLKOUT0
                         net (fo=1, routed)           1.719     4.522    clk_mmcm_out
    BUFGCTRL_X0Y18       BUFG (Prop_bufg_I_O)         0.096     4.618 r  clk_bufg_inst/O
                         net (fo=4115, routed)        1.622     6.240    dbg_hub/inst/BSCANID.u_xsdbm_id/CORE_XSDB.UUT_MASTER/U_ICON_INTERFACE/U_CMD6_WR/U_WR_FIFO/SUBCORE_FIFO.xsdbm_v3_0_0_wrfifo_inst/inst_fifo_gen/gconvfifo.rf/grf.rf/gntv_or_sync_fifo.gcx.clkx/rd_clk
    SLICE_X35Y140        FDCE                                         r  dbg_hub/inst/BSCANID.u_xsdbm_id/CORE_XSDB.UUT_MASTER/U_ICON_INTERFACE/U_CMD6_WR/U_WR_FIFO/SUBCORE_FIFO.xsdbm_v3_0_0_wrfifo_inst/inst_fifo_gen/gconvfifo.rf/grf.rf/gntv_or_sync_fifo.gcx.clkx/gnxpm_cdc.rd_pntr_gc_reg[0]/C
  -------------------------------------------------------------------    -------------------
    SLICE_X35Y140        FDCE (Prop_fdce_C_Q)         0.419     6.659 r  dbg_hub/inst/BSCANID.u_xsdbm_id/CORE_XSDB.UUT_MASTER/U_ICON_INTERFACE/U_CMD6_WR/U_WR_FIFO/SUBCORE_FIFO.xsdbm_v3_0_0_wrfifo_inst/inst_fifo_gen/gconvfifo.rf/grf.rf/gntv_or_sync_fifo.gcx.clkx/gnxpm_cdc.rd_pntr_gc_reg[0]/Q
                         net (fo=1, routed)           0.746     7.405    dbg_hub/inst/BSCANID.u_xsdbm_id/CORE_XSDB.UUT_MASTER/U_ICON_INTERFACE/U_CMD6_WR/U_WR_FIFO/SUBCORE_FIFO.xsdbm_v3_0_0_wrfifo_inst/inst_fifo_gen/gconvfifo.rf/grf.rf/gntv_or_sync_fifo.gcx.clkx/gnxpm_cdc.gsync_stage[1].wr_stg_inst/Q[0]
    SLICE_X34Y140        FDCE                                         r  dbg_hub/inst/BSCANID.u_xsdbm_id/CORE_XSDB.UUT_MASTER/U_ICON_INTERFACE/U_CMD6_WR/U_WR_FIFO/SUBCORE_FIFO.xsdbm_v3_0_0_wrfifo_inst/inst_fifo_gen/gconvfifo.rf/grf.rf/gntv_or_sync_fifo.gcx.clkx/gnxpm_cdc.gsync_stage[1].wr_stg_inst/Q_reg_reg[0]/D
  -------------------------------------------------------------------    -------------------

                         (clock dbg_hub/inst/BSCANID.u_xsdbm_id/SWITCH_N_EXT_BSCAN.bscan_inst/SERIES7_BSCAN.bscan_inst/TCK rise edge)
                                                      0.000     0.000 r  
    BSCAN_X0Y0           BSCANE2                      0.000     0.000 r  dbg_hub/inst/BSCANID.u_xsdbm_id/SWITCH_N_EXT_BSCAN.bscan_inst/SERIES7_BSCAN.bscan_inst/TCK
                         net (fo=1, routed)           1.669     1.669    dbg_hub/inst/BSCANID.u_xsdbm_id/tck_bs
    BUFGCTRL_X0Y0        BUFG (Prop_bufg_I_O)         0.091     1.760 r  dbg_hub/inst/BSCANID.u_xsdbm_id/SWITCH_N_EXT_BSCAN.u_bufg_icon_tck/O
                         net (fo=482, routed)         1.504     3.264    dbg_hub/inst/BSCANID.u_xsdbm_id/CORE_XSDB.UUT_MASTER/U_ICON_INTERFACE/U_CMD6_WR/U_WR_FIFO/SUBCORE_FIFO.xsdbm_v3_0_0_wrfifo_inst/inst_fifo_gen/gconvfifo.rf/grf.rf/gntv_or_sync_fifo.gcx.clkx/gnxpm_cdc.gsync_stage[1].wr_stg_inst/wr_clk
    SLICE_X34Y140        FDCE                                         r  dbg_hub/inst/BSCANID.u_xsdbm_id/CORE_XSDB.UUT_MASTER/U_ICON_INTERFACE/U_CMD6_WR/U_WR_FIFO/SUBCORE_FIFO.xsdbm_v3_0_0_wrfifo_inst/inst_fifo_gen/gconvfifo.rf/grf.rf/gntv_or_sync_fifo.gcx.clkx/gnxpm_cdc.gsync_stage[1].wr_stg_inst/Q_reg_reg[0]/C
                         clock pessimism              0.000     3.264    
    SLICE_X34Y140        FDCE (Setup_fdce_C_D)       -0.219     3.045    dbg_hub/inst/BSCANID.u_xsdbm_id/CORE_XSDB.UUT_MASTER/U_ICON_INTERFACE/U_CMD6_WR/U_WR_FIFO/SUBCORE_FIFO.xsdbm_v3_0_0_wrfifo_inst/inst_fifo_gen/gconvfifo.rf/grf.rf/gntv_or_sync_fifo.gcx.clkx/gnxpm_cdc.gsync_stage[1].wr_stg_inst/Q_reg_reg[0]
  -------------------------------------------------------------------
                         data arrival                           7.405    
                         clock arrival                          3.045    
  -------------------------------------------------------------------
                         relative delay                         4.360    

Reference path:
    Location             Delay type                Incr(ns)  Path(ns)    Netlist Resource(s)
  -------------------------------------------------------------------    -------------------
                         (clock clk_mmcm_out rise edge)
                                                      0.000     0.000 r  
    E3                                                0.000     0.000 r  clk (IN)
                         net (fo=0)                   0.000     0.000    clk
    E3                   IBUF (Prop_ibuf_I_O)         1.411     1.411 r  clk_ibufg_inst/O
                         net (fo=1, routed)           1.162     2.573    clk_ibufg
    MMCME2_ADV_X1Y2      MMCME2_ADV (Prop_mmcme2_adv_CLKIN1_CLKOUT0)
                                                      0.083     2.656 r  clk_mmcm_inst/CLKOUT0
                         net (fo=1, routed)           1.639     4.295    clk_mmcm_out
    BUFGCTRL_X0Y18       BUFG (Prop_bufg_I_O)         0.091     4.386 r  clk_bufg_inst/O
                         net (fo=4115, routed)        1.501     5.887    dbg_hub/inst/BSCANID.u_xsdbm_id/CORE_XSDB.UUT_MASTER/U_ICON_INTERFACE/U_CMD6_WR/U_WR_FIFO/SUBCORE_FIFO.xsdbm_v3_0_0_wrfifo_inst/inst_fifo_gen/gconvfifo.rf/grf.rf/gntv_or_sync_fifo.gcx.clkx/rd_clk
    SLICE_X35Y140        FDCE                                         r  dbg_hub/inst/BSCANID.u_xsdbm_id/CORE_XSDB.UUT_MASTER/U_ICON_INTERFACE/U_CMD6_WR/U_WR_FIFO/SUBCORE_FIFO.xsdbm_v3_0_0_wrfifo_inst/inst_fifo_gen/gconvfifo.rf/grf.rf/gntv_or_sync_fifo.gcx.clkx/gnxpm_cdc.rd_pntr_gc_reg[3]/C
  -------------------------------------------------------------------    -------------------
    SLICE_X35Y140        FDCE (Prop_fdce_C_Q)         0.367     6.254 r  dbg_hub/inst/BSCANID.u_xsdbm_id/CORE_XSDB.UUT_MASTER/U_ICON_INTERFACE/U_CMD6_WR/U_WR_FIFO/SUBCORE_FIFO.xsdbm_v3_0_0_wrfifo_inst/inst_fifo_gen/gconvfifo.rf/grf.rf/gntv_or_sync_fifo.gcx.clkx/gnxpm_cdc.rd_pntr_gc_reg[3]/Q
                         net (fo=1, routed)           0.402     6.656    dbg_hub/inst/BSCANID.u_xsdbm_id/CORE_XSDB.UUT_MASTER/U_ICON_INTERFACE/U_CMD6_WR/U_WR_FIFO/SUBCORE_FIFO.xsdbm_v3_0_0_wrfifo_inst/inst_fifo_gen/gconvfifo.rf/grf.rf/gntv_or_sync_fifo.gcx.clkx/gnxpm_cdc.gsync_stage[1].wr_stg_inst/Q[3]
    SLICE_X34Y141        FDCE                                         r  dbg_hub/inst/BSCANID.u_xsdbm_id/CORE_XSDB.UUT_MASTER/U_ICON_INTERFACE/U_CMD6_WR/U_WR_FIFO/SUBCORE_FIFO.xsdbm_v3_0_0_wrfifo_inst/inst_fifo_gen/gconvfifo.rf/grf.rf/gntv_or_sync_fifo.gcx.clkx/gnxpm_cdc.gsync_stage[1].wr_stg_inst/Q_reg_reg[3]/D
  -------------------------------------------------------------------    -------------------

                         (clock dbg_hub/inst/BSCANID.u_xsdbm_id/SWITCH_N_EXT_BSCAN.bscan_inst/SERIES7_BSCAN.bscan_inst/TCK rise edge)
                                                      0.000     0.000 r  
    BSCAN_X0Y0           BSCANE2                      0.000     0.000 r  dbg_hub/inst/BSCANID.u_xsdbm_id/SWITCH_N_EXT_BSCAN.bscan_inst/SERIES7_BSCAN.bscan_inst/TCK
                         net (fo=1, routed)           1.945     1.945    dbg_hub/inst/BSCANID.u_xsdbm_id/tck_bs
    BUFGCTRL_X0Y0        BUFG (Prop_bufg_I_O)         0.096     2.041 r  dbg_hub/inst/BSCANID.u_xsdbm_id/SWITCH_N_EXT_BSCAN.u_bufg_icon_tck/O
                         net (fo=482, routed)         1.625     3.666    dbg_hub/inst/BSCANID.u_xsdbm_id/CORE_XSDB.UUT_MASTER/U_ICON_INTERFACE/U_CMD6_WR/U_WR_FIFO/SUBCORE_FIFO.xsdbm_v3_0_0_wrfifo_inst/inst_fifo_gen/gconvfifo.rf/grf.rf/gntv_or_sync_fifo.gcx.clkx/gnxpm_cdc.gsync_stage[1].wr_stg_inst/wr_clk
    SLICE_X34Y141        FDCE                                         r  dbg_hub/inst/BSCANID.u_xsdbm_id/CORE_XSDB.UUT_MASTER/U_ICON_INTERFACE/U_CMD6_WR/U_WR_FIFO/SUBCORE_FIFO.xsdbm_v3_0_0_wrfifo_inst/inst_fifo_gen/gconvfifo.rf/grf.rf/gntv_or_sync_fifo.gcx.clkx/gnxpm_cdc.gsync_stage[1].wr_stg_inst/Q_reg_reg[3]/C
                         clock pessimism              0.000     3.666    
    SLICE_X34Y141        FDCE (Hold_fdce_C_D)         0.233     3.899    dbg_hub/inst/BSCANID.u_xsdbm_id/CORE_XSDB.UUT_MASTER/U_ICON_INTERFACE/U_CMD6_WR/U_WR_FIFO/SUBCORE_FIFO.xsdbm_v3_0_0_wrfifo_inst/inst_fifo_gen/gconvfifo.rf/grf.rf/gntv_or_sync_fifo.gcx.clkx/gnxpm_cdc.gsync_stage[1].wr_stg_inst/Q_reg_reg[3]
  -------------------------------------------------------------------
                         data arrival                           6.656    
                         clock arrival                          3.899    
  -------------------------------------------------------------------
                         relative delay                         2.757    



Id: 8
set_bus_skew -from [get_cells [list {dbg_hub/inst/BSCANID.u_xsdbm_id/CORE_XSDB.UUT_MASTER/U_ICON_INTERFACE/U_CMD6_WR/U_WR_FIFO/SUBCORE_FIFO.xsdbm_v3_0_0_wrfifo_inst/inst_fifo_gen/gconvfifo.rf/grf.rf/gntv_or_sync_fifo.gcx.clkx/gnxpm_cdc.wr_pntr_gc_reg[0]} {dbg_hub/inst/BSCANID.u_xsdbm_id/CORE_XSDB.UUT_MASTER/U_ICON_INTERFACE/U_CMD6_WR/U_WR_FIFO/SUBCORE_FIFO.xsdbm_v3_0_0_wrfifo_inst/inst_fifo_gen/gconvfifo.rf/grf.rf/gntv_or_sync_fifo.gcx.clkx/gnxpm_cdc.wr_pntr_gc_reg[1]} {dbg_hub/inst/BSCANID.u_xsdbm_id/CORE_XSDB.UUT_MASTER/U_ICON_INTERFACE/U_CMD6_WR/U_WR_FIFO/SUBCORE_FIFO.xsdbm_v3_0_0_wrfifo_inst/inst_fifo_gen/gconvfifo.rf/grf.rf/gntv_or_sync_fifo.gcx.clkx/gnxpm_cdc.wr_pntr_gc_reg[2]} {dbg_hub/inst/BSCANID.u_xsdbm_id/CORE_XSDB.UUT_MASTER/U_ICON_INTERFACE/U_CMD6_WR/U_WR_FIFO/SUBCORE_FIFO.xsdbm_v3_0_0_wrfifo_inst/inst_fifo_gen/gconvfifo.rf/grf.rf/gntv_or_sync_fifo.gcx.clkx/gnxpm_cdc.wr_pntr_gc_reg[3]}]] -to [get_cells [list {dbg_hub/inst/BSCANID.u_xsdbm_id/CORE_XSDB.UUT_MASTER/U_ICON_INTERFACE/U_CMD6_WR/U_WR_FIFO/SUBCORE_FIFO.xsdbm_v3_0_0_wrfifo_inst/inst_fifo_gen/gconvfifo.rf/grf.rf/gntv_or_sync_fifo.gcx.clkx/gnxpm_cdc.gsync_stage[1].rd_stg_inst/Q_reg_reg[0]} {dbg_hub/inst/BSCANID.u_xsdbm_id/CORE_XSDB.UUT_MASTER/U_ICON_INTERFACE/U_CMD6_WR/U_WR_FIFO/SUBCORE_FIFO.xsdbm_v3_0_0_wrfifo_inst/inst_fifo_gen/gconvfifo.rf/grf.rf/gntv_or_sync_fifo.gcx.clkx/gnxpm_cdc.gsync_stage[1].rd_stg_inst/Q_reg_reg[1]} {dbg_hub/inst/BSCANID.u_xsdbm_id/CORE_XSDB.UUT_MASTER/U_ICON_INTERFACE/U_CMD6_WR/U_WR_FIFO/SUBCORE_FIFO.xsdbm_v3_0_0_wrfifo_inst/inst_fifo_gen/gconvfifo.rf/grf.rf/gntv_or_sync_fifo.gcx.clkx/gnxpm_cdc.gsync_stage[1].rd_stg_inst/Q_reg_reg[2]} {dbg_hub/inst/BSCANID.u_xsdbm_id/CORE_XSDB.UUT_MASTER/U_ICON_INTERFACE/U_CMD6_WR/U_WR_FIFO/SUBCORE_FIFO.xsdbm_v3_0_0_wrfifo_inst/inst_fifo_gen/gconvfifo.rf/grf.rf/gntv_or_sync_fifo.gcx.clkx/gnxpm_cdc.gsync_stage[1].rd_stg_inst/Q_reg_reg[3]}]] 8.000
Requirement: 8.000ns
Endpoints: 4

From Clock            To Clock              Endpoint Pin                    Reference Pin                   Corner  Actual(ns)  Slack(ns)
--------------------  --------------------  ------------------------------  ------------------------------  ------  ----------  ---------
dbg_hub/inst/BSCANID.u_xsdbm_id/SWITCH_N_EXT_BSCAN.bscan_inst/SERIES7_BSCAN.bscan_inst/TCK
                      clk_mmcm_out          dbg_hub/inst/BSCANID.u_xsdbm_id/CORE_XSDB.UUT_MASTER/U_ICON_INTERFACE/U_CMD6_WR/U_WR_FIFO/SUBCORE_FIFO.xsdbm_v3_0_0_wrfifo_inst/inst_fifo_gen/gconvfifo.rf/grf.rf/gntv_or_sync_fifo.gcx.clkx/gnxpm_cdc.gsync_stage[1].rd_stg_inst/Q_reg_reg[1]/D
                                                                            dbg_hub/inst/BSCANID.u_xsdbm_id/CORE_XSDB.UUT_MASTER/U_ICON_INTERFACE/U_CMD6_WR/U_WR_FIFO/SUBCORE_FIFO.xsdbm_v3_0_0_wrfifo_inst/inst_fifo_gen/gconvfifo.rf/grf.rf/gntv_or_sync_fifo.gcx.clkx/gnxpm_cdc.gsync_stage[1].rd_stg_inst/Q_reg_reg[0]/D
                                                                                                            Slow         0.655      7.345


Slack (MET) :             7.345ns  (requirement - actual skew)
  Endpoint Source:        dbg_hub/inst/BSCANID.u_xsdbm_id/CORE_XSDB.UUT_MASTER/U_ICON_INTERFACE/U_CMD6_WR/U_WR_FIFO/SUBCORE_FIFO.xsdbm_v3_0_0_wrfifo_inst/inst_fifo_gen/gconvfifo.rf/grf.rf/gntv_or_sync_fifo.gcx.clkx/gnxpm_cdc.wr_pntr_gc_reg[1]/C
                            (rising edge-triggered cell FDCE clocked by dbg_hub/inst/BSCANID.u_xsdbm_id/SWITCH_N_EXT_BSCAN.bscan_inst/SERIES7_BSCAN.bscan_inst/TCK)
  Endpoint Destination:   dbg_hub/inst/BSCANID.u_xsdbm_id/CORE_XSDB.UUT_MASTER/U_ICON_INTERFACE/U_CMD6_WR/U_WR_FIFO/SUBCORE_FIFO.xsdbm_v3_0_0_wrfifo_inst/inst_fifo_gen/gconvfifo.rf/grf.rf/gntv_or_sync_fifo.gcx.clkx/gnxpm_cdc.gsync_stage[1].rd_stg_inst/Q_reg_reg[1]/D
                            (rising edge-triggered cell FDCE clocked by clk_mmcm_out)
  Reference Source:       dbg_hub/inst/BSCANID.u_xsdbm_id/CORE_XSDB.UUT_MASTER/U_ICON_INTERFACE/U_CMD6_WR/U_WR_FIFO/SUBCORE_FIFO.xsdbm_v3_0_0_wrfifo_inst/inst_fifo_gen/gconvfifo.rf/grf.rf/gntv_or_sync_fifo.gcx.clkx/gnxpm_cdc.wr_pntr_gc_reg[0]/C
                            (rising edge-triggered cell FDCE clocked by dbg_hub/inst/BSCANID.u_xsdbm_id/SWITCH_N_EXT_BSCAN.bscan_inst/SERIES7_BSCAN.bscan_inst/TCK)
  Reference Destination:  dbg_hub/inst/BSCANID.u_xsdbm_id/CORE_XSDB.UUT_MASTER/U_ICON_INTERFACE/U_CMD6_WR/U_WR_FIFO/SUBCORE_FIFO.xsdbm_v3_0_0_wrfifo_inst/inst_fifo_gen/gconvfifo.rf/grf.rf/gntv_or_sync_fifo.gcx.clkx/gnxpm_cdc.gsync_stage[1].rd_stg_inst/Q_reg_reg[0]/D
                            (rising edge-triggered cell FDCE clocked by clk_mmcm_out)
  Path Type:              Bus Skew (Max at Slow Process Corner)
  Requirement:            8.000ns
  Endpoint Relative Delay:   -0.847ns
  Reference Relative Delay:  -2.232ns
  Relative CRPR:              0.730ns
  Actual Bus Skew:            0.655ns  (Endpoint Relative Delay - Reference Relative Delay - Relative CRPR)

Endpoint path:
    Location             Delay type                Incr(ns)  Path(ns)    Netlist Resource(s)
  -------------------------------------------------------------------    -------------------
                         (clock dbg_hub/inst/BSCANID.u_xsdbm_id/SWITCH_N_EXT_BSCAN.bscan_inst/SERIES7_BSCAN.bscan_inst/TCK rise edge)
                                                      0.000     0.000 r  
    BSCAN_X0Y0           BSCANE2                      0.000     0.000 r  dbg_hub/inst/BSCANID.u_xsdbm_id/SWITCH_N_EXT_BSCAN.bscan_inst/SERIES7_BSCAN.bscan_inst/TCK
                         net (fo=1, routed)           1.945     1.945    dbg_hub/inst/BSCANID.u_xsdbm_id/tck_bs
    BUFGCTRL_X0Y0        BUFG (Prop_bufg_I_O)         0.096     2.041 r  dbg_hub/inst/BSCANID.u_xsdbm_id/SWITCH_N_EXT_BSCAN.u_bufg_icon_tck/O
                         net (fo=482, routed)         1.624     3.665    dbg_hub/inst/BSCANID.u_xsdbm_id/CORE_XSDB.UUT_MASTER/U_ICON_INTERFACE/U_CMD6_WR/U_WR_FIFO/SUBCORE_FIFO.xsdbm_v3_0_0_wrfifo_inst/inst_fifo_gen/gconvfifo.rf/grf.rf/gntv_or_sync_fifo.gcx.clkx/wr_clk
    SLICE_X34Y140        FDCE                                         r  dbg_hub/inst/BSCANID.u_xsdbm_id/CORE_XSDB.UUT_MASTER/U_ICON_INTERFACE/U_CMD6_WR/U_WR_FIFO/SUBCORE_FIFO.xsdbm_v3_0_0_wrfifo_inst/inst_fifo_gen/gconvfifo.rf/grf.rf/gntv_or_sync_fifo.gcx.clkx/gnxpm_cdc.wr_pntr_gc_reg[1]/C
  -------------------------------------------------------------------    -------------------
    SLICE_X34Y140        FDCE (Prop_fdce_C_Q)         0.478     4.143 r  dbg_hub/inst/BSCANID.u_xsdbm_id/CORE_XSDB.UUT_MASTER/U_ICON_INTERFACE/U_CMD6_WR/U_WR_FIFO/SUBCORE_FIFO.xsdbm_v3_0_0_wrfifo_inst/inst_fifo_gen/gconvfifo.rf/grf.rf/gntv_or_sync_fifo.gcx.clkx/gnxpm_cdc.wr_pntr_gc_reg[1]/Q
                         net (fo=1, routed)           0.629     4.773    dbg_hub/inst/BSCANID.u_xsdbm_id/CORE_XSDB.UUT_MASTER/U_ICON_INTERFACE/U_CMD6_WR/U_WR_FIFO/SUBCORE_FIFO.xsdbm_v3_0_0_wrfifo_inst/inst_fifo_gen/gconvfifo.rf/grf.rf/gntv_or_sync_fifo.gcx.clkx/gnxpm_cdc.gsync_stage[1].rd_stg_inst/Q[1]
    SLICE_X36Y140        FDCE                                         r  dbg_hub/inst/BSCANID.u_xsdbm_id/CORE_XSDB.UUT_MASTER/U_ICON_INTERFACE/U_CMD6_WR/U_WR_FIFO/SUBCORE_FIFO.xsdbm_v3_0_0_wrfifo_inst/inst_fifo_gen/gconvfifo.rf/grf.rf/gntv_or_sync_fifo.gcx.clkx/gnxpm_cdc.gsync_stage[1].rd_stg_inst/Q_reg_reg[1]/D
  -------------------------------------------------------------------    -------------------

                         (clock clk_mmcm_out rise edge)
                                                      0.000     0.000 r  
    E3                                                0.000     0.000 r  clk (IN)
                         net (fo=0)                   0.000     0.000    clk
    E3                   IBUF (Prop_ibuf_I_O)         1.411     1.411 r  clk_ibufg_inst/O
                         net (fo=1, routed)           1.162     2.573    clk_ibufg
    MMCME2_ADV_X1Y2      MMCME2_ADV (Prop_mmcme2_adv_CLKIN1_CLKOUT0)
                                                      0.083     2.656 r  clk_mmcm_inst/CLKOUT0
                         net (fo=1, routed)           1.639     4.295    clk_mmcm_out
    BUFGCTRL_X0Y18       BUFG (Prop_bufg_I_O)         0.091     4.386 r  clk_bufg_inst/O
                         net (fo=4115, routed)        1.501     5.887    dbg_hub/inst/BSCANID.u_xsdbm_id/CORE_XSDB.UUT_MASTER/U_ICON_INTERFACE/U_CMD6_WR/U_WR_FIFO/SUBCORE_FIFO.xsdbm_v3_0_0_wrfifo_inst/inst_fifo_gen/gconvfifo.rf/grf.rf/gntv_or_sync_fifo.gcx.clkx/gnxpm_cdc.gsync_stage[1].rd_stg_inst/rd_clk
    SLICE_X36Y140        FDCE                                         r  dbg_hub/inst/BSCANID.u_xsdbm_id/CORE_XSDB.UUT_MASTER/U_ICON_INTERFACE/U_CMD6_WR/U_WR_FIFO/SUBCORE_FIFO.xsdbm_v3_0_0_wrfifo_inst/inst_fifo_gen/gconvfifo.rf/grf.rf/gntv_or_sync_fifo.gcx.clkx/gnxpm_cdc.gsync_stage[1].rd_stg_inst/Q_reg_reg[1]/C
                         clock pessimism              0.000     5.887    
    SLICE_X36Y140        FDCE (Setup_fdce_C_D)       -0.267     5.620    dbg_hub/inst/BSCANID.u_xsdbm_id/CORE_XSDB.UUT_MASTER/U_ICON_INTERFACE/U_CMD6_WR/U_WR_FIFO/SUBCORE_FIFO.xsdbm_v3_0_0_wrfifo_inst/inst_fifo_gen/gconvfifo.rf/grf.rf/gntv_or_sync_fifo.gcx.clkx/gnxpm_cdc.gsync_stage[1].rd_stg_inst/Q_reg_reg[1]
  -------------------------------------------------------------------
                         data arrival                           4.773    
                         clock arrival                          5.620    
  -------------------------------------------------------------------
                         relative delay                        -0.847    

Reference path:
    Location             Delay type                Incr(ns)  Path(ns)    Netlist Resource(s)
  -------------------------------------------------------------------    -------------------
                         (clock dbg_hub/inst/BSCANID.u_xsdbm_id/SWITCH_N_EXT_BSCAN.bscan_inst/SERIES7_BSCAN.bscan_inst/TCK rise edge)
                                                      0.000     0.000 r  
    BSCAN_X0Y0           BSCANE2                      0.000     0.000 r  dbg_hub/inst/BSCANID.u_xsdbm_id/SWITCH_N_EXT_BSCAN.bscan_inst/SERIES7_BSCAN.bscan_inst/TCK
                         net (fo=1, routed)           1.669     1.669    dbg_hub/inst/BSCANID.u_xsdbm_id/tck_bs
    BUFGCTRL_X0Y0        BUFG (Prop_bufg_I_O)         0.091     1.760 r  dbg_hub/inst/BSCANID.u_xsdbm_id/SWITCH_N_EXT_BSCAN.u_bufg_icon_tck/O
                         net (fo=482, routed)         1.504     3.264    dbg_hub/inst/BSCANID.u_xsdbm_id/CORE_XSDB.UUT_MASTER/U_ICON_INTERFACE/U_CMD6_WR/U_WR_FIFO/SUBCORE_FIFO.xsdbm_v3_0_0_wrfifo_inst/inst_fifo_gen/gconvfifo.rf/grf.rf/gntv_or_sync_fifo.gcx.clkx/wr_clk
    SLICE_X34Y140        FDCE                                         r  dbg_hub/inst/BSCANID.u_xsdbm_id/CORE_XSDB.UUT_MASTER/U_ICON_INTERFACE/U_CMD6_WR/U_WR_FIFO/SUBCORE_FIFO.xsdbm_v3_0_0_wrfifo_inst/inst_fifo_gen/gconvfifo.rf/grf.rf/gntv_or_sync_fifo.gcx.clkx/gnxpm_cdc.wr_pntr_gc_reg[0]/C
  -------------------------------------------------------------------    -------------------
    SLICE_X34Y140        FDCE (Prop_fdce_C_Q)         0.418     3.682 r  dbg_hub/inst/BSCANID.u_xsdbm_id/CORE_XSDB.UUT_MASTER/U_ICON_INTERFACE/U_CMD6_WR/U_WR_FIFO/SUBCORE_FIFO.xsdbm_v3_0_0_wrfifo_inst/inst_fifo_gen/gconvfifo.rf/grf.rf/gntv_or_sync_fifo.gcx.clkx/gnxpm_cdc.wr_pntr_gc_reg[0]/Q
                         net (fo=1, routed)           0.497     4.179    dbg_hub/inst/BSCANID.u_xsdbm_id/CORE_XSDB.UUT_MASTER/U_ICON_INTERFACE/U_CMD6_WR/U_WR_FIFO/SUBCORE_FIFO.xsdbm_v3_0_0_wrfifo_inst/inst_fifo_gen/gconvfifo.rf/grf.rf/gntv_or_sync_fifo.gcx.clkx/gnxpm_cdc.gsync_stage[1].rd_stg_inst/Q[0]
    SLICE_X36Y141        FDCE                                         r  dbg_hub/inst/BSCANID.u_xsdbm_id/CORE_XSDB.UUT_MASTER/U_ICON_INTERFACE/U_CMD6_WR/U_WR_FIFO/SUBCORE_FIFO.xsdbm_v3_0_0_wrfifo_inst/inst_fifo_gen/gconvfifo.rf/grf.rf/gntv_or_sync_fifo.gcx.clkx/gnxpm_cdc.gsync_stage[1].rd_stg_inst/Q_reg_reg[0]/D
  -------------------------------------------------------------------    -------------------

                         (clock clk_mmcm_out rise edge)
                                                      0.000     0.000 r  
    E3                                                0.000     0.000 r  clk (IN)
                         net (fo=0)                   0.000     0.000    clk
    E3                   IBUF (Prop_ibuf_I_O)         1.482     1.482 r  clk_ibufg_inst/O
                         net (fo=1, routed)           1.233     2.715    clk_ibufg
    MMCME2_ADV_X1Y2      MMCME2_ADV (Prop_mmcme2_adv_CLKIN1_CLKOUT0)
                                                      0.088     2.803 r  clk_mmcm_inst/CLKOUT0
                         net (fo=1, routed)           1.719     4.522    clk_mmcm_out
    BUFGCTRL_X0Y18       BUFG (Prop_bufg_I_O)         0.096     4.618 r  clk_bufg_inst/O
                         net (fo=4115, routed)        1.623     6.241    dbg_hub/inst/BSCANID.u_xsdbm_id/CORE_XSDB.UUT_MASTER/U_ICON_INTERFACE/U_CMD6_WR/U_WR_FIFO/SUBCORE_FIFO.xsdbm_v3_0_0_wrfifo_inst/inst_fifo_gen/gconvfifo.rf/grf.rf/gntv_or_sync_fifo.gcx.clkx/gnxpm_cdc.gsync_stage[1].rd_stg_inst/rd_clk
    SLICE_X36Y141        FDCE                                         r  dbg_hub/inst/BSCANID.u_xsdbm_id/CORE_XSDB.UUT_MASTER/U_ICON_INTERFACE/U_CMD6_WR/U_WR_FIFO/SUBCORE_FIFO.xsdbm_v3_0_0_wrfifo_inst/inst_fifo_gen/gconvfifo.rf/grf.rf/gntv_or_sync_fifo.gcx.clkx/gnxpm_cdc.gsync_stage[1].rd_stg_inst/Q_reg_reg[0]/C
                         clock pessimism              0.000     6.241    
    SLICE_X36Y141        FDCE (Hold_fdce_C_D)         0.169     6.410    dbg_hub/inst/BSCANID.u_xsdbm_id/CORE_XSDB.UUT_MASTER/U_ICON_INTERFACE/U_CMD6_WR/U_WR_FIFO/SUBCORE_FIFO.xsdbm_v3_0_0_wrfifo_inst/inst_fifo_gen/gconvfifo.rf/grf.rf/gntv_or_sync_fifo.gcx.clkx/gnxpm_cdc.gsync_stage[1].rd_stg_inst/Q_reg_reg[0]
  -------------------------------------------------------------------
                         data arrival                           4.179    
                         clock arrival                          6.410    
  -------------------------------------------------------------------
                         relative delay                        -2.232    



